IJH,ISHARES S&P MID-CAP ETF|Not Applic
MOQ,MOQ LIMITED|Software & Services
1PG,1-PAGE LIMITED|Software & Services
ONT,1300 SMILES LIMITED|Health Care Equipment & Services
1ST,1ST GROUP LIMITED|Health Care Equipment & Services
T3D,333D LIMITED|Food & Beverage & Tobacco
TGP,360 CAPITAL GROUP|Real Estate
TOT,360 CAPITAL TOTAL RETURN FUND|Not Applic
TDO,3D OIL LIMITED|Energy
DDD,3D RESOURCES LIMITED|Materials
3PL,3P LEARNING LIMITED..|Consumer Services
4DS,4DS MEMORY LIMITED|Semiconductors & Semiconductor Equipment
88E,88 ENERGY LIMITED|Energy
8CO,8COMMON LIMITED|Software & Services
8IH,8I HOLDINGS LTD|Diversified Financials
8EC,8IP EMERGING COMPANIES LIMITED|Not Applic
9SP,9 SPOKES INTERNATIONAL LIMITED|Software & Services
NNW,99 WUXIAN LIMITED|Retailing
ACB,A-CAP RESOURCES LIMITED|Energy
AYI,A1 INVESTMENTS & RESOURCES LTD|Diversified Financials
ABP,ABACUS PROPERTY GROUP|Real Estate
ALR,ABERDEEN LEADERS LIMITED|Diversified Financials
ABL,ABILENE OIL AND GAS LIMITED|Energy
ABU,ABM RESOURCES NL|Materials
AEG,ABSOLUTE EQUITY PERFORMANCE FUND LIMITED|Not Applic
ABT,ABUNDANT PRODUCE LIMITED|Food & Beverage & Tobacco
AJC,ACACIA COAL LIMITED|Energy
AKG,ACADEMIES AUSTRALASIA GROUP LIMITED|Consumer Services
ACS,ACCENT RESOURCES NL|Materials
ACX,ACONEX LIMITED|Software & Services
ACQ,ACORN CAPITAL INVESTMENT FUND LIMITED|Not Applic
ACR,ACRUX LIMITED|Pharmaceuticals & Biotechnology & Life Sciences
ACW,ACTINOGEN MEDICAL LIMITED|Pharmaceuticals & Biotechnology & Life Sciences
AIV,ACTIVEX LIMITED|Materials
ACU,ACTIVISTIC LIMITED|Software & Services
ADA,ADACEL TECHNOLOGIES LIMITED|Software & Services
ADH,ADAIRS LIMITED|Retailing
1AD,ADALTA LIMITED|Pharmaceuticals & Biotechnology & Life Sciences
ADD,ADAVALE RESOURCES LIMITED|Energy
AAU,ADCORP AUSTRALIA LIMITED|Media
ABC,ADELAIDE BRIGHTON LIMITED|Materials
ADQ,ADG GLOBAL SUPPLY LIMITED.|Capital Goods
ADR,ADHERIUM LIMITED|Health Care Equipment & Services
AHZ,ADMEDUS LTD|Health Care Equipment & Services
ADY,ADMIRALTY RESOURCES NL.|Materials
ADJ,ADSLOT LTD|Software & Services
ABV,ADVANCED BRAKING TECHNOLOGY LTD|Automobiles & Components
ANO,ADVANCED NANO TECHNOLOGIES LIMITED|Materials
ASW,ADVANCED SHARE REGISTRY LIMITED|Diversified Financials
ADX,ADX ENERGY LTD|Energy
AER,AEERIS LTD|Software & Services
AML,AEON METALS LIMITED.|Materials
AEI,AERIS ENVIRONMENTAL LTD|Commercial & Professional Services
AIS,AERIS RESOURCES LIMITED|Materials
AFR,AFRICAN ENERGY RESOURCES LIMITED|Energy
AFT,AFT CORPORATION LIMITED|Capital Goods
AFP,AFT PHARMACEUTICALS LIMITED|Pharmaceuticals & Biotechnology & Life Sciences
AFY,AFTERPAY HOLDINGS LIMITED|Software & Services
AGL,AGL ENERGY LIMITED.|Utilities
AGJ,AGRICULTURAL LAND TRUST|Real Estate
AMN,AGRIMIN LIMITED|Materials
AGR,AGUIA RESOURCES LIMITED|Materials
AHL,AHALIFE HOLDINGS LIMITED|Software & Services
APW,AIMS PROPERTY SECURITIES FUND|Real Estate
AGI,AINSWORTH GAME TECHNOLOGY LIMITED|Consumer Services
AIZ,AIR NEW ZEALAND LIMITED|Transportation
INC.,AIRXPANDERS|AXP
AJL,AJ LUCAS GROUP LIMITED|Capital Goods
AQG,ALACER GOLD CORP.|Materials
AUQ,ALARA RESOURCES LIMITED|Materials
ACL,ALCHEMIA LIMITED|Pharmaceuticals & Biotechnology & Life Sciences
ALY,ALCHEMY RESOURCES LIMITED|Materials
ALC,ALCIDION GROUP LIMITED|Health Care Equipment & Services
LEP,ALE PROPERTY GROUP|Real Estate
AJX,ALEXIUM INTERNATIONAL GROUP LIMITED|Materials
AEB,ALGAE.TEC LIMITED|Energy
AQI,ALICANTO MINERALS LIMITED|Materials
AQX,ALICE QUEEN LIMITED|Energy
ALK,ALKANE RESOURCES LIMITED|Materials
AHQ,ALLEGIANCE COAL LIMITED|Energy
AMT,ALLEGRA ORTHOPAEDICS LIMITED|Health Care Equipment & Services
AQZ,ALLIANCE AVIATION SERVICES LIMITED|Transportation
AGS,ALLIANCE RESOURCES LIMITED|Materials
AGE,ALLIGATOR ENERGY LIMITED|Energy
AYR,ALLOY RESOURCES LIMITED|Materials
ALQ,ALS LIMITED|Commercial & Professional Services
ARS,ALT RESOURCES LIMITED|Materials
ATC,ALTECH CHEMICALS LTD|Materials
AIQ,ALTERNATIVE INVESTMENT TRUST|Not Applic
1AG,ALTERRA LIMITED|Commercial & Professional Services
ALU,ALTIUM LIMITED|Software & Services
AME,ALTO METALS LIMITED|Energy
AOH,ALTONA MINING LIMITED|Materials
AJM,ALTURA MINING LIMITED|Materials
AWC,ALUMINA LIMITED|Materials
AMA,AMA GROUP LIMITED|Retailing
ANL,AMANI GOLD LIMITED|Materials
AYS,AMAYSIM AUSTRALIA LIMITED|Telecommunication Services
AMO,AMBERTECH LIMITED|Technology Hardware & Equipment
AMB,AMBITION GROUP LIMITED|Commercial & Professional Services
AMH,AMCIL LIMITED|Diversified Financials
AMC,AMCOR LIMITED|Materials
AOW,AMERICAN PATRIOT OIL & GAS LIMITED|Energy
AXZ,AMEX RESOURCES LIMITED|Materials
AMP,AMP LIMITED|Insurance
ANQ,ANAECO LIMITED|Commercial & Professional Services
ALT,ANALYTICA LIMITED|Health Care Equipment & Services
ANR,ANATARA LIFESCIENCES LTD|Pharmaceuticals & Biotechnology & Life Sciences
AHR,ANCHOR RESOURCES LIMITED|Materials
ADN,ANDROMEDA METALS LIMITED|Materials
ATM,ANEKA TAMBANG (PERSERO) TBK (PT)|Materials
AQM,ANGLO AMERICAN CAPITAL PLC|Not Applic
AAR,ANGLO AUSTRALIAN RESOURCES NL|Materials
AGG,ANGLOGOLD ASHANTI LIMITED|Materials
AB1,ANIMOCA BRANDS CORPORATION LIMITED|Software & Services
AWV,ANOVA METALS LIMITED|Materials
ANN,ANSELL LIMITED|Health Care Equipment & Services
ASN,ANSON RESOURCES LIMITED|Materials
AZZ,ANTARES ENERGY LIMITED|Energy
ATT,ANTE REAL ESTATE TRUST|Real Estate
ADO,ANTEO DIAGNOSTICS LIMITED|Pharmaceuticals & Biotechnology & Life Sciences
AVD,ANTILLES OIL AND GAS NL|Energy
AZY,ANTIPA MINERALS LIMITED|Materials
APL,ANTIPODES GLOBAL INVESTMENT COMPANY LTD|Not Applic
ANP,ANTISENSE THERAPEUTICS LIMITED|Pharmaceuticals & Biotechnology & Life Sciences
APE,AP EAGERS LIMITED|Retailing
APA,APA GROUP|Utilities
AAL,APAC COAL LIMITED|Energy
AQQ,APHRODITE GOLD LIMITED|Materials
AHX,APIAM ANIMAL HEALTH LIMITED|Retailing
APN,APN NEWS & MEDIA LIMITED|Media
APO,APN OUTDOOR GROUP LIMITED|Media
APD,APN PROPERTY GROUP LIMITED|Diversified Financials
AOP,APOLLO CONSOLIDATED LIMITED|Materials
AON,APOLLO MINERALS LIMITED|Materials
AOJ,APOLLO SERIES 2010-1 TRUST|Not Applic
AOR,APOLLO SERIES 2013-1 TRUST|Not Applic
AOL,APOLLO SERIES 2015-1 TRUST|Not Applic
ATL,APOLLO TOURISM & LEISURE LTD|Automobiles & Components
APX,APPEN LIMITED|Software & Services
AD1,APPLYDIRECT LIMITED|Software & Services
AQH,APT PIPELINES LIMITED.|Not Applic
AQU,AQUAINT CAPITAL HOLDINGS LIMITED|Consumer Services
AQS,AQUIS ENTERTAINMENT LIMITED|Consumer Services
ARU,ARAFURA RESOURCES LIMITED|Materials
ARB,ARB CORPORATION LIMITED.|Automobiles & Components
ARX,ARC EXPLORATION LIMITED|Materials
AXE,ARCHER EXPLORATION LIMITED|Materials
ARL,ARDEA RESOURCES LIMITED|Materials
AAD,ARDENT LEISURE GROUP|Consumer Services
ADV,ARDIDEN LTD|Materials
ARF,ARENA REIT.|Real Estate
ARD,ARGENT MINERALS LIMITED|Materials
AXT,ARGO EXPLORATION LIMITED|Materials
ALI,ARGO GLOBAL LISTED INFRASTRUCTURE LIMITED|Diversified Financials
ARG,ARGO INVESTMENTS LIMITED|Not Applic
ARE,ARGONAUT RESOURCES NL|Materials
AGY,ARGOSY MINERALS LIMITED|Materials
ARA,ARIADNE AUSTRALIA LIMITED|Commercial & Professional Services
ALL,ARISTOCRAT LEISURE LIMITED|Consumer Services
AHK,ARK MINES LIMITED|Materials
AJQ,ARMOUR ENERGY LIMITED|Energy
AWQ,AROWANA AUSTRALASIAN VALUE OPPORTUNITIES FUND LIMITED|Not Applic
AWN,AROWANA INTERNATIONAL LIMITED|Capital Goods
ARI,ARRIUM LIMITED|Materials
AR1,ARROWHEAD RESOURCES LIMITED|Materials
ARV,ARTEMIS RESOURCES LIMITED|Materials
AAJ,ARUMA RESOURCES LIMITED|Materials
AHY,ASALEO CARE LIMITED|Household & Personal Products
AJY,ASAPLUS RESOURCES LIMITED|Materials
AFA,ASF GROUP LIMITED|Diversified Financials
ASH,ASHLEY SERVICES GROUP LIMITED|Commercial & Professional Services
AJD,ASIA PACIFIC DATA CENTRE GROUP|Real Estate
DIG,ASIA PACIFIC DIGITAL LIMITED|Media
AJJ,ASIAN AMERICAN MEDICAL GROUP LIMITED|Health Care Equipment & Services
ATB,ASIAN DEVELOPMENT BANK|Not Applic
AUF,ASIAN MASTERS FUND LIMITED|Diversified Financials
AM3,ASIAN MINERAL RESOURCES LIMITED|Class Pend
AKF,ASK FUNDING LIMITED|Diversified Financials
APZ,ASPEN GROUP|Real Estate
ASP,ASPERMONT LIMITED.|Media
AKM,ASPIRE MINING LIMITED|Materials
ASY,ASSEMBLEBAY LIMITED|Software & Services
AO1,ASSETOWL LIMITED|Software & Services
AIR,ASTIVITA LIMITED|Capital Goods
AJA,ASTRO JAPAN PROPERTY GROUP|Real Estate
ARO,ASTRO RESOURCES NL|Materials
ATR,ASTRON CORPORATION LIMITED|Materials
ASX,ASX LIMITED|Diversified Financials
ATA,ATC ALLOYS LTD|Materials
ACG,ATCOR MEDICAL HOLDINGS LIMITED|Health Care Equipment & Services
AHN,ATHENA RESOURCES LIMITED|Materials
AGO,ATLAS IRON LIMITED|Materials
ATP,ATLAS PEARLS AND PERFUMES LTD|Consumer Durables & Apparel
ATU,ATRUM COAL LIMITED|Materials
AYA,ATTILA RESOURCES LIMITED|Materials
AUB,AUB GROUP LIMITED|Insurance
AIA,AUCKLAND INTERNATIONAL AIRPORT LIMITED|Transportation
ACP,AUDALIA RESOURCES LIMITED|Materials
AKP,AUDIO PIXELS HOLDINGS LIMITED|Consumer Durables & Apparel
AUG,AUGEND LTD|Energy
AUK,AUGUR RESOURCES LIMITED|Materials
AEE,AURA ENERGY LIMITED|Energy
AMI,AURELIA METALS LIMITED|Materials
AZJ,AURIZON HOLDINGS LIMITED|Transportation
AOU,AUROCH MINERALS LTD|Materials
ABW,AURORA ABSOLUTE RETURN FUND|Not Applic
AOD,AURORA DIVIDEND INCOME TRUST (MANAGED FUND)|Not Applic
AIB,AURORA GLOBAL INCOME TRUST|Diversified Financials
A3D,AURORA LABS LIMITED|Capital Goods
ARM,AURORA MINERALS LIMITED|Materials
AUP,AURORA PROPERTY BUY-WRITE INCOME TRUST|Not Applic
AQJ,AUS ASIA MINERALS LIMITED|Energy
ANW,AUS TIN MINING LTD|Materials
AC8,AUSCANN GROUP HOLDINGS LTD|Pharmaceuticals & Biotechnology & Life Sciences
ASL,AUSDRILL LIMITED|Materials
AUC,AUSGOLD LIMITED|Materials
AOA,AUSMON RESOURCES LIMITED|Materials
AU1,AUSNET FINANCIAL SERVICES LIMITED|Real Estate
ANV,AUSNET SERVICES HOLDINGS PTY LTD|Not Applic
AST,AUSNET SERVICES LIMITED|Utilities
AQD,AUSQUEST LIMITED|Materials
ARK,AUSROC METALS LTD|Materials
ASB,AUSTAL LIMITED|Capital Goods
AOK,AUSTEX OIL LIMITED|Energy
ANG,AUSTIN ENGINEERING LIMITED|Capital Goods
AKK,AUSTIN EXPLORATION LIMITED|Energy
ACK,AUSTOCK GROUP LIMITED|Insurance
APG,AUSTPAC RESOURCES NL|Materials
AGD,AUSTRAL GOLD LIMITED|Materials
ARH,AUSTRALASIAN RESOURCES LIMITED|Materials
ANZ,AUSTRALIA AND NEW ZEALAND BANKING GROUP LIMITED|Banks
AYM,AUSTRALIA UNITED MINING LIMITED|Materials
AAC,AUSTRALIAN AGRICULTURAL COMPANY LIMITED.|Food & Beverage & Tobacco
AAP,AUSTRALIAN AGRICULTURAL PROJECTS LIMITED|Food & Beverage & Tobacco
ABX,AUSTRALIAN BAUXITE LIMITED.|Materials
ACO,AUSTRALIAN CAREERS NETWORK LIMITED|Consumer Services
XCL,AUSTRALIAN COMMONWEALTH GOVERNMENT LOANS|Not Applic
AHF,AUSTRALIAN DAIRY FARMS GROUP|Food & Beverage & Tobacco
AYF,AUSTRALIAN ENHANCED INCOME FUND|Not Applic
AEF,AUSTRALIAN ETHICAL INVESTMENT LIMITED|Diversified Financials
AFG,AUSTRALIAN FINANCE GROUP LTD|Banks
AFI,AUSTRALIAN FOUNDATION INVESTMENT COMPANY LIMITED|Not Applic
AQF,AUSTRALIAN GOVERNANCE MASTERS INDEX FUND LIMITED|Diversified Financials
GSB,AUSTRALIAN GOVERNMENT TREASURY BONDS|Not Applic
GSI,AUSTRALIAN GOVERNMENT TREASURY INDEXED BONDS|Not Applic
ALF,AUSTRALIAN LEADERS FUND LIMITED|Diversified Financials
AYD,AUSTRALIAN MASTERS YIELD FUND NO 1 LIMITED|Not Applic
AYH,AUSTRALIAN MASTERS YIELD FUND NO 2 LIMITED|Not Applic
AYJ,AUSTRALIAN MASTERS YIELD FUND NO 3 LIMITED|Not Applic
AYK,AUSTRALIAN MASTERS YIELD FUND NO 4 LIMITED|Not Applic
AYZ,AUSTRALIAN MASTERS YIELD FUND NO 5 LIMITED|Not Applic
AUZ,AUSTRALIAN MINES LIMITED|Materials
AQC,AUSTRALIAN PACIFIC COAL LIMITED|Materials
API,AUSTRALIAN PHARMACEUTICAL INDUSTRIES LIMITED|Health Care Equipment & Services
APC,AUSTRALIAN POTASH LIMITED|Materials
ARC,AUSTRALIAN RURAL CAPITAL LIMITED|Diversified Financials
AUI,AUSTRALIAN UNITED INVESTMENT COMPANY LIMITED|Diversified Financials
AYU,AUSTRALIAN UNITY LIMITED|Not Applic
AOF,AUSTRALIAN UNITY OFFICE FUND|Real Estate
AVL,AUSTRALIAN VANADIUM LIMITED|Materials
AVG,AUSTRALIAN VINTAGE LTD|Food & Beverage & Tobacco
AWY,AUSTRALIAN WHISKY HOLDINGS LIMITED|Food & Beverage & Tobacco
ATS,AUSTRALIS OIL & GAS LIMITED|Energy
ANS,AUSTSINO RESOURCES GROUP LIMITED|Materials
ABA,AUSWIDE BANK LTD|Banks
AIY,AUTHORISED INVESTMENT FUND LIMITED|Not Applic
AHG,AUTOMOTIVE HOLDINGS GROUP LIMITED.|Retailing
4WD,AUTOMOTIVE SOLUTIONS GROUP LTD|Automobiles & Components
ASG,AUTOSPORTS GROUP LIMITED.|Retailing
AVI,AVALON MINERALS LIMITED|Materials
AVB,AVANCO RESOURCES LIMITED|Materials
AEV,AVENIRA LIMITED|Materials
AVN,AVENTUS RETAIL PROPERTY FUND|Real Estate
AOG,AVEO GROUP|Real Estate
AVW,AVIRA ENERGY LIMITED|Materials
AVH,AVITA MEDICAL LTD|Pharmaceuticals & Biotechnology & Life Sciences
AVJ,AVJENNINGS LIMITED|Real Estate
AVZ,AVZ MINERALS LIMITED|Materials
AWE,AWE LIMITED|Energy
AXJ,AXA|Not Applic
AVQ,AXIOM MINING LIMITED|Materials
AXI,AXIOM PROPERTIES LIMITED|Real Estate
AXL,AXSESSTODAY LIMITED|Diversified Financials
AYG,AXXIS TECHNOLOGY GROUP LTD|Software & Services
APY,AZONTO PETROLEUM LTD|Energy
AZM,AZUMAH RESOURCES LIMITED|Materials
AZV,AZURE HEALTHCARE LIMITED|Health Care Equipment & Services
AZS,AZURE MINERALS LIMITED|Materials
BBN,BABY BUNTING GROUP LIMITED|Retailing
BTI,BAILADOR TECHNOLOGY INVESTMENTS LIMITED|Diversified Financials
BOQ,BANK OF QUEENSLAND LIMITED.|Banks
BMN,BANNERMAN RESOURCES LIMITED|Energy
BAP,BAPCOR LIMITED|Retailing
BKP,BARAKA ENERGY & RESOURCES LIMITED|Energy
BCL,BARALABA COAL COMPANY LIMITED|Energy
BD1,BARD1 LIFE SCIENCES LIMITED|Materials
BAR,BARRA RESOURCES LIMITED|Materials
BST,BARRACK ST INVESTMENTS LIMITED|Not Applic
BSE,BASE RESOURCES LIMITED|Materials
BSM,BASS METALS LTD|Materials
BAS,BASS OIL LIMITED|Energy
BSR,BASSARI RESOURCES LIMITED|Materials
BRL,BATHURST RESOURCES LIMITED.|Materials
BAT,BATTERY MINERALS LIMITED|Materials
BMH,BAUMART HOLDINGS LIMITED|Capital Goods
BAU,BAUXITE RESOURCES LIMITED|Materials
BBX,BBX MINERALS LIMITED|Materials
BCI,BC IRON LIMITED|Materials
BCD,BCD RESOURCES NL|Materials
BPT,BEACH ENERGY LIMITED|Energy
BLX,BEACON LIGHTING GROUP LIMITED|Retailing
BCN,BEACON MINERALS LIMITED|Materials
BDR,BEADELL RESOURCES LIMITED|Materials
BGA,BEGA CHEESE LIMITED|Food & Beverage & Tobacco
BFG,BELL FINANCIAL GROUP LIMITED|Diversified Financials
BAL,BELLAMY'S AUSTRALIA LIMITED|Food & Beverage & Tobacco
BEN,BENDIGO AND ADELAIDE BANK LIMITED|Banks
BLT,BENITEC BIOPHARMA LIMITED|Pharmaceuticals & Biotechnology & Life Sciences
BHD,BENJAMIN HORNIGOLD LIMITED|Class Pend
BEL,BENTLEY CAPITAL LIMITED|Diversified Financials
BKY,BERKELEY ENERGIA LIMITED|Energy
BMT,BERKUT MINERALS LIMITED|Materials
BFC,BESTON GLOBAL FOOD COMPANY LIMITED|Diversified Financials
BYI,BEYOND INTERNATIONAL LIMITED|Media
BHP,BHP BILLITON LIMITED|Materials
BID,BIDENERGY LIMITED|Software & Services
BRI,BIG RIVER INDUSTRIES LIMITED|Class Pend
BIG,BIG UN LIMITED|Software & Services
BTH,BIGTINCAN HOLDINGS LIMITED|Software & Services
BBG,BILLABONG INTERNATIONAL LIMITED|Consumer Durables & Apparel
BIN,BINGO INDUSTRIES LIMITED|Class Pend
BNO,BIONOMICS LIMITED|Pharmaceuticals & Biotechnology & Life Sciences
BTC,BIOTECH CAPITAL LIMITED|Diversified Financials
BIT,BIOTRON LIMITED|Pharmaceuticals & Biotechnology & Life Sciences
BXN,BIOXYNE LIMITED|Pharmaceuticals & Biotechnology & Life Sciences
BOP,BIRCH AND PRESTIGE INVESTMENT GROUP LIMITED|Retailing
BGS,BIRIMIAN LIMITED|Materials
BIS,BISALLOY STEEL GROUP LIMITED|Materials
BSN,BISAN LIMITED|Diversified Financials
BKI,BKI INVESTMENT COMPANY LIMITED|Diversified Financials
BKM,BKM MANAGEMENT LIMITED|Commercial & Professional Services
BMZ,BLACK MOUNTAIN RESOURCES LIMITED|Materials
BKT,BLACK ROCK MINING LIMITED|Materials
BSP,BLACK STAR PETROLEUM LIMITED|Energy
BGG,BLACKGOLD INTERNATIONAL HOLDINGS LIMITED|Energy
BLK,BLACKHAM RESOURCES LIMITED|Materials
BKL,BLACKMORES LIMITED|Household & Personal Products
BSX,BLACKSTONE MINERALS LIMITED|Materials
BWF,BLACKWALL LIMITED|Diversified Financials
BWR,BLACKWALL PROPERTY TRUST|Real Estate
BLZ,BLAZE INTERNATIONAL LIMITED|Energy
BGH,BLIGH RESOURCES LIMITED|Materials
BDI,BLINA MINERALS NL|Materials
BUL,BLUE ENERGY LIMITED|Energy
BLA,BLUE SKY ALTERNATIVE INVESTMENTS LIMITED|Diversified Financials
BAF,BLUE SKY ALTERNATIVES ACCESS FUND LIMITED|Not Applic
BCT,BLUECHIIP LIMITED|Technology Hardware & Equipment
BSL,BLUESCOPE STEEL LIMITED|Materials
BLG,BLUGLASS LIMITED|Semiconductors & Semiconductor Equipment
BMG,BMG RESOURCES LIMITED|Materials
BOA,BOADICEA RESOURCES LIMITED|Materials
BLY,BOART LONGYEAR LIMITED|Capital Goods
BDA,BOD AUSTRALIA LIMITED|Retailing
BOL,BOOM LOGISTICS LIMITED|Capital Goods
BBR,BORA BORA RESOURCES LIMITED|Materials
BLD,BORAL LIMITED.|Materials
BOE,BOSS RESOURCES LIMITED|Materials
BOT,BOTANIX PHARMACEUTICALS LTD|Pharmaceuticals & Biotechnology & Life Sciences
BML,BOTSWANA METALS LIMITED|Materials
BOC,BOUGAINVILLE COPPER LIMITED|Materials
BUY,BOUNTY OIL & GAS NL|Energy
BHL,BOYUAN HOLDINGS LIMITED|Real Estate
BPB,BP CAPITAL MARKETS PLC|Not Applic
BPH,BPH ENERGY LTD|Pharmaceuticals & Biotechnology & Life Sciences
BPS,BPS TECHNOLOGY LIMITED|Software & Services
BKN,BRADKEN LIMITED|Capital Goods
BRC,BRAIN RESOURCE LIMITED|Health Care Equipment & Services
BRN,BRAINCHIP HOLDINGS LTD|Software & Services
BXB,BRAMBLES LIMITED|Commercial & Professional Services
BVS,BRAVURA SOLUTIONS LIMITED.|Software & Services
BRB,BREAKER RESOURCES NL|Materials
BRG,BREVILLE GROUP LIMITED|Retailing
BKW,BRICKWORKS LIMITED|Materials
BYL,BRIERTY LIMITED|Capital Goods
BTN,BRIGHTON MINING GROUP LIMITED|Materials
BBL,BRISBANE BRONCOS LIMITED|Media
BRO,BROAD INVESTMENTS LIMITED|Telecommunication Services
BCK,BROCKMAN MINING LIMITED|Materials
BPL,BROKEN HILL PROSPECTING LIMITED|Materials
BGR,BRONSON GROUP LIMITED|Diversified Financials
BEE,BROO LTD|Food & Beverage & Tobacco
BPA,BROOKFIELD PRIME PROPERTY FUND|Real Estate
BRK,BROOKSIDE ENERGY LIMITED|Energy
BSA,BSA LIMITED|Commercial & Professional Services
BTT,BT INVESTMENT MANAGEMENT LIMITED|Diversified Financials
BUB,BUBS AUSTRALIA LIMITED|Food & Beverage & Tobacco
BUD,BUDDY PLATFORM LTD|Software & Services
BUG,BUDERIM GROUP LIMITED|Food & Beverage & Tobacco
INC,BUILDINGIQ|BIQ
BNR,BULLETIN RESOURCES LIMITED|Materials
BPF,BULLETPROOF GROUP LIMITED|Software & Services
BUA,BURRABULLA CORPORATION LIMITED|Materials
BRU,BURU ENERGY LIMITED|Energy
BUX,BUXTON RESOURCES LIMITED|Materials
BMP,BUYMYPLACE.COM.AU LIMITED|Real Estate
BWP,BWP TRUST|Real Estate
BWX,BWX LIMITED|Household & Personal Products
BYE,BYRON ENERGY LIMITED|Energy
BPG,BYTE POWER GROUP LIMITED|Retailing
CAB,CABCHARGE AUSTRALIA LIMITED|Commercial & Professional Services
CBS,CABRAL RESOURCES LIMITED|Materials
CDM,CADENCE CAPITAL LIMITED|Not Applic
CAD,CAENEUS MINERALS LTD|Materials
DXA,CAISSE FRANCAISE DE FINANCEMENT LOCAL|Not Applic
CTX,CALTEX AUSTRALIA LIMITED|Energy
CAN,CANN GROUP LIMITED|Class Pend
CAE,CANNINDAH RESOURCES LIMITED|Materials
CAY,CANYON RESOURCES LIMITED|Materials
CFE,CAPE LAMBERT RESOURCES LIMITED|Materials
CZZ,CAPILANO HONEY LIMITED|Food & Beverage & Tobacco
CMY,CAPITAL MINING LIMITED|Materials
CAJ,CAPITOL HEALTH LIMITED|Health Care Equipment & Services
CAA,CAPRAL LIMITED|Materials
CMM,CAPRICORN METALS LTD|Materials
CAQ,CAQ HOLDINGS LIMITED|Real Estate
CVV,CARAVEL MINERALS LIMITED|Materials
CRB,CARBINE RESOURCES LIMITED|Materials
CNQ,CARBINE TUNGSTEN LIMITED|Materials
CNX,CARBON ENERGY LIMITED|Energy
CRM,CARBON MINERALS LIMITED|Energy
CDV,CARDINAL RESOURCES LIMITED|Materials
CDD,CARDNO LIMITED|Capital Goods
CDP,CARINDALE PROPERTY TRUST|Real Estate
CIN,CARLTON INVESTMENTS LIMITED|Diversified Financials
CVN,CARNARVON PETROLEUM LIMITED|Energy
CAV,CARNAVALE RESOURCES LIMITED|Materials
CCE,CARNEGIE CLEAN ENERGY LIMITED|Utilities
CAP,CARPENTARIA EXPLORATION LIMITED|Materials
CAR,CARSALES.COM LIMITED.|Software & Services
CCV,CASH CONVERTERS INTERNATIONAL|Retailing
CZI,CASSINI RESOURCES LIMITED|Materials
CCZ,CASTILLO COPPER LIMITED|Materials
CDT,CASTLE MINERALS LIMITED|Materials
CYL,CATALYST METALS LIMITED|Materials
CAT,CATAPULT GROUP INTERNATIONAL LTD|Technology Hardware & Equipment
CXU,CAULDRON ENERGY LIMITED|Energy
CAZ,CAZALY RESOURCES LIMITED|Materials
CBC,CBG CAPITAL LIMITED|Not Applic
CBL,CBL CORPORATION LIMITED|Insurance
CT1,CCP TECHNOLOGIES LIMITED|Technology Hardware & Equipment
CWP,CEDAR WOODS PROPERTIES LIMITED|Real Estate
CNL,CELAMIN HOLDINGS NL|Materials
CDY,CELLMID LIMITED|Pharmaceuticals & Biotechnology & Life Sciences
CLT,CELLNET GROUP LIMITED|Technology Hardware & Equipment
CLA,CELSIUS RESOURCES LIMITED|Materials
CTM,CENTAURUS METALS LIMITED|Materials
CTL,CENTENNIAL MINING LIMITED|Materials
CVR,CENTRAL ASIA RESOURCES LIMITED.|Materials
CTP,CENTRAL PETROLEUM LIMITED|Energy
CAF,CENTREPOINT ALLIANCE LIMITED|Diversified Financials
CXM,CENTREX METALS LIMITED|Materials
CNI,CENTURIA CAPITAL GROUP|Diversified Financials
CIP,CENTURIA INDUSTRIAL REIT|Real Estate
CMA,CENTURIA METROPOLITAN REIT|Real Estate
CUA,CENTURIA URBAN REIT|Real Estate
CYA,CENTURY AUSTRALIA INVESTMENTS LIMITED|Diversified Financials
CFU,CERAMIC FUEL CELLS LIMITED|Capital Goods
CVS,CERVANTES CORPORATION LIMITED|Materials
CFO,CFOAM LIMITED|Capital Goods
CHN,CHALICE GOLD MINES LIMITED|Materials
CEL,CHALLENGER ENERGY LIMITED|Energy
CGF,CHALLENGER LIMITED|Diversified Financials
CHJ,CHALLENGER MILLENNIUM SERIES 2007-1E TRUST|Not Applic
CHU,CHALLENGER MILLENNIUM SERIES 2007-2L TRUST|Not Applic
CHR,CHALMERS LIMITED|Transportation
CIA,CHAMPION IRON LIMITED|Materials
CHP,CHAPMANS LIMITED|Diversified Financials
CHC,CHARTER HALL GROUP|Real Estate
CLW,CHARTER HALL LONG WALE REIT|Real Estate
CQR,CHARTER HALL RETAIL REIT|Real Estate
CHF,CHARTER PACIFIC CORPORATION LIMITED|Diversified Financials
CHZ,CHESSER RESOURCES LIMITED|Materials
CCA,CHIMPCHANGE LIMITED|Software & Services
CCB,CHINA CONSTRUCTION BANK CORPORATION|Not Applic
CDC,CHINA DAIRY CORPORATION LIMITED|Food & Beverage & Tobacco
CMC,CHINA MAGNESIUM CORPORATION LIMITED|Materials
CYU,CHINALCO YUNNAN COPPER RESOURCES LTD|Materials
CDH,CHONGHERR INVESTMENTS LTD|Materials
CNU,CHORUS LIMITED|Telecommunication Services
CII,CI RESOURCES LIMITED|Materials
CIM,CIMIC GROUP LIMITED|Capital Goods
CNW,CIRRUS NETWORKS HOLDINGS LIMITED|Software & Services
CTR,CITATION RESOURCES LTD|Energy
CTO,CITIGOLD CORPORATION LIMITED|Materials
CLY,CLANCY EXPLORATION LIMITED|Materials
CND,CLARIUS GROUP LIMITED|Commercial & Professional Services
CL1,CLASS LIMITED|Software & Services
CLZ,CLASSIC MINERALS LTD|Materials
CSS,CLEAN SEAS SEAFOOD LIMITED|Food & Beverage & Tobacco
CLQ,CLEAN TEQ HOLDINGS LIMITED|Commercial & Professional Services
CWY,CLEANAWAY WASTE MANAGEMENT LIMITED|Commercial & Professional Services
CVW,CLEARVIEW WEALTH LIMITED|Diversified Financials
CDG,CLEVELAND MINING COMPANY LIMITED|Materials
CAM,CLIME CAPITAL LIMITED|Not Applic
CIW,CLIME INVESTMENT MANAGEMENT LTD|Diversified Financials
CUV,CLINUVEL PHARMACEUTICALS LIMITED|Pharmaceuticals & Biotechnology & Life Sciences
CLV,CLOVER CORPORATION LIMITED|Health Care Equipment & Services
CMI,CMI LIMITED.|Capital Goods
CGR,CML GROUP LIMITED|Commercial & Professional Services
CZA,COAL OF AFRICA LIMITED|Energy
CBQ,COALBANK LIMITED|Energy
CA8,COASSETS LIMITED.|Software & Services
COB,COBALT BLUE HOLDINGS LIMITED|Materials
CCL,COCA-COLA AMATIL LIMITED|Food & Beverage & Tobacco
COH,COCHLEAR LIMITED|Health Care Equipment & Services
CDA,CODAN LIMITED|Technology Hardware & Equipment
CGS,COGSTATE LTD|Health Care Equipment & Services
CHK,COHIBA MINERALS LIMITED|Materials
CKA,COKAL LIMITED|Materials
CL8,COLLABORATE CORPORATION LIMITED|Software & Services
CLH,COLLECTION HOUSE LIMITED|Commercial & Professional Services
CKF,COLLINS FOODS LIMITED|Consumer Services
CRL,COMET RESOURCES LIMITED|Materials
COI,COMET RIDGE LIMITED|Energy
CBA,COMMONWEALTH BANK OF AUSTRALIA.|Banks
COM,COMOPS LIMITED|Software & Services
CFF,COMPAGNIE DE FINANCEMENT FONCIER|Not Applic
CMP,COMPUMEDICS LIMITED|Health Care Equipment & Services
CPU,COMPUTERSHARE LIMITED.|Software & Services
CDB,CONDOR BLANCO MINES LIMITED|Materials
CNJ,CONICO LTD|Materials
CIO,CONNECTED IO LIMITED|Technology Hardware & Equipment
CXZ,CONNEXION MEDIA LIMITED|Commercial & Professional Services
COG,CONSOLIDATED OPERATIONS GROUP LIMITED|Not Applic
CSD,CONSOLIDATED TIN MINES LIMITED|Materials
CZL,CONSOLIDATED ZINC LIMITED|Materials
CEN,CONTACT ENERGY LIMITED|Utilities
CGA,CONTANGO ASSET MANAGEMENT LIMITED|Diversified Financials
CIE,CONTANGO INCOME GENERATOR LIMITED|Not Applic
CTN,CONTANGO MICROCAP LIMITED|Diversified Financials
COE,COOPER ENERGY LIMITED|Energy
CSE,COPPER STRIKE LIMITED|Materials
COY,COPPERMOLY LIMITED|Materials
CZN,CORAZON MINING LIMITED|Materials
CXO,CORE EXPLORATION LIMITED|Materials
CIZ,CORIZON LIMITED|Materials
CTD,CORPORATE TRAVEL MANAGEMENT LIMITED|Consumer Services
COO,CORUM GROUP LIMITED|Software & Services
CGC,COSTA GROUP HOLDINGS LIMITED|Food & Beverage & Tobacco
CMT,COTT OIL AND GAS LIMITED|Energy
CGM,COUGAR METALS NL|Materials
CUP,COUNTPLUS LIMITED|Commercial & Professional Services
CCJ,COUNTY INTERNATIONAL LIMITED|Energy
CVT,COVATA LIMITED|Software & Services
CYG,COVENTRY GROUP LIMITED|Capital Goods
CYY,COVENTRY RESOURCES LIMITED.|Materials
CZR,COZIRON RESOURCES LIMITED|Materials
CGO,CPT GLOBAL LIMITED|Software & Services
CXX,CRADLE RESOURCES LIMITED|Materials
CGN,CRATER GOLD MINING LIMITED|Materials
CR8,CRE8TEK LIMITED|Software & Services
CCP,CREDIT CORP GROUP LIMITED|Diversified Financials
CPH,CRESO PHARMA LIMITED|Pharmaceuticals & Biotechnology & Life Sciences
CMW,CROMWELL PROPERTY GROUP|Real Estate
CUX,CROSSLAND STRATEGIC METALS LTD|Materials
CM8,CROWD MOBILE LIMITED|Media
CWN,CROWN RESORTS LIMITED|Consumer Services
CUF,CRUSADE ABS SERIES 2013-1 TRUST|Not Applic
CUH,CRUSADE ABS SERIES 2015-1 TRUST|Not Applic
CU1,CRUSADE ABS SERIES 2016-1 TRUST|Not Applic
CU2,CRUSADE ABS SERIES 2017-1 TRUST|Not Applic
CSN,CRUSADE EURO TRUST NO.1E OF 2007|Not Applic
CTH,CRUSADE GLOBAL TRUST NO.1 OF 2007|Not Applic
CAS,CRUSADER RESOURCES LIMITED|Materials
CTE,CRYOSITE LIMITED|Pharmaceuticals & Biotechnology & Life Sciences
CSV,CSG LIMITED|Software & Services
CSL,CSL LIMITED|Pharmaceuticals & Biotechnology & Life Sciences
CSR,CSR LIMITED|Materials
CLX,CTI LOGISTICS LIMITED|Transportation
CDU,CUDECO LIMITED|Materials
CUE,CUE ENERGY RESOURCES LIMITED|Energy
CUL,CULLEN RESOURCES LIMITED|Materials
CV1,CV CHECK LTD|Software & Services
CVC,CVC LIMITED|Diversified Financials
CWH,CWH RESOURCES LTD|Materials
CYB,CYBG PLC|Banks
CYQ,CYCLIQ GROUP LTD|Software & Services
CYC,CYCLOPHARM LIMITED|Health Care Equipment & Services
CYP,CYNATA THERAPEUTICS LIMITED|Pharmaceuticals & Biotechnology & Life Sciences
DCN,DACIAN GOLD LIMITED|Materials
DKO,DAKOTA MINERALS LIMITED|Materials
DAU,DAMPIER GOLD LIMITED|Materials
DNK,DANAKALI LIMITED|Materials
DHR,DARK HORSE RESOURCES LIMITED|Materials
DTM,DART MINING NL|Materials
DTL,DATA#3 LIMITED|Software & Services
DDT,DATADOT TECHNOLOGY LIMITED|Automobiles & Components
DTR,DATELINE RESOURCES LIMITED|Materials
DTX,DATETIX GROUP LTD|Software & Services
DAV,DAVENPORT RESOURCES LIMITED|Materials
DW8,DAWINE LTD|Food & Beverage & Tobacco
DEG,DE GREY MINING LIMITED|Materials
DEM,DE.MEM LIMITED|Utilities
DSX,DECIMAL SOFTWARE LIMITED|Software & Services
DCG,DECMIL GROUP LIMITED|Capital Goods
DYL,DEEP YELLOW LIMITED|Energy
DLC,DELECTA LIMITED|Retailing
DSB,DELTA SBD LIMITED|Materials
DMI,DEMPSEY MINERALS LIMITED|Materials
D13,DEPARTMENT 13 INTERNATIONAL LTD|Capital Goods
DGH,DESANE GROUP HOLDINGS LIMITED|Real Estate
DVN,DEVINE LIMITED|Real Estate
DXS,DEXUS PROPERTY GROUP|Real Estate
DGO,DGO GOLD LIMITED|Materials
DGR,DGR GLOBAL LIMITED|Materials
DRX,DIATREME RESOURCES LIMITED|Materials
DDR,DICKER DATA LIMITED|Technology Hardware & Equipment
DMC,DIGIMATIC GROUP LIMITED|Software & Services
DCC,DIGITALX LIMITED|Software & Services
DXB,DIMERIX LIMITED|Pharmaceuticals & Biotechnology & Life Sciences
DXF,DING SHENG XIN FINANCE CO. LIMITED|Diversified Financials
DGX,DIPLOMA GROUP LIMITED|Capital Goods
DM1,DIRECTMONEY LIMITED|Diversified Financials
DAF,DISCOVERY AFRICA LIMITED|Materials
DUI,DIVERSIFIED UNITED INVESTMENT LIMITED|Diversified Financials
DJW,DJERRIWARRH INVESTMENTS LIMITED|Diversified Financials
DCL,DOMACOM LIMITED|Diversified Financials
DME,DOME GOLD MINES LIMITED|Materials
DMP,DOMINO'S PIZZA ENTERPRISES LIMITED|Consumer Services
DNA,DONACO INTERNATIONAL LIMITED|Consumer Services
DFM,DONGFANG MODERN AGRICULTURE HOLDING GROUP LIMITED|Food & Beverage & Tobacco
DRM,DORAY MINERALS LIMITED|Materials
DVL,DORSAVI LTD|Pharmaceuticals & Biotechnology & Life Sciences
DTZ,DOTZ NANO LIMITED|Semiconductors & Semiconductor Equipment
DOW,DOWNER EDI LIMITED|Commercial & Professional Services
DRA,DRAGON MINING LIMITED|Materials
DMG,DRAGON MOUNTAIN GOLD LIMITED|Materials
DTS,DRAGONTAIL SYSTEMS LIMITED|Software & Services
DRG,DRAIG RESOURCES LIMITED|Materials
DRK,DRAKE RESOURCES LIMITED|Materials
DN8,DREAMSCAPE NETWORKS LIMITED|Software & Services
DAM,DRIVER AUSTRALIA MASTER TRUST|Not Applic
DAE,DRIVER AUSTRALIA THREE TRUST|Not Applic
DAQ,DRIVER AUSTRALIA TWO TRUST|Not Applic
DRO,DRONESHIELD LIMITED|Technology Hardware & Equipment
DSE,DROPSUITE LIMITED|Software & Services
DTI,DTI GROUP LTD|Technology Hardware & Equipment
DUB,DUBBER CORPORATION LIMITED|Software & Services
DUE,DUET GROUP|Utilities
DKM,DUKETON MINING LIMITED|Materials
DLX,DULUXGROUP LIMITED|Materials
D2O,DUXTON WATER LIMITED|Utilities
DWS,DWS LIMITED|Software & Services
DYE,DYESOL LIMITED|Semiconductors & Semiconductor Equipment
DMA,DYNASTY RESOURCES LIMITED|Materials
EAL,E & A LIMITED|Capital Goods
E2M,E2 METALS LIMITED|Materials
ENL,EAGLE NICKEL LIMITED|Materials
EER,EAST ENERGY RESOURCES LIMITED|Energy
EWE,EAST WEST ENERGY LIMITED|Energy
EGS,EASTERN GOLDFIELDS LIMITED|Materials
EFE,EASTERN IRON LIMITED|Materials
EAS,EASTON INVESTMENTS LIMITED|Diversified Financials
EBO,EBOS GROUP LIMITED|Health Care Equipment & Services
ECG,ECARGO HOLDINGS LIMITED|Commercial & Professional Services
EAR,ECHO RESOURCES LIMITED|Materials
EPM,ECLIPSE METALS LIMITED.|Energy
ECX,ECLIPX GROUP LIMITED|Diversified Financials
EDE,EDEN INNOVATIONS LTD|Energy
EGA,EGAN STREET RESOURCES LIMITED|Materials
EDC,EILDON CAPITAL LIMITED|Diversified Financials
ENN,ELANOR INVESTORS GROUP|Consumer Services
ERF,ELANOR RETAIL PROPERTY FUND|Real Estate
ELD,ELDERS LIMITED|Food & Beverage & Tobacco
EOS,ELECTRO OPTIC SYSTEMS HOLDINGS LIMITED|Capital Goods
ELT,ELEMENTOS LIMITED|Materials
EXR,ELIXIR PETROLEUM LIMITED|Energy
ELK,ELK PETROLEUM LIMITED|Energy
EAI,ELLERSTON ASIAN INVESTMENTS LIMITED|Not Applic
EGI,ELLERSTON GLOBAL INVESTMENTS LIMITED|Not Applic
ELX,ELLEX MEDICAL LASERS LIMITED|Health Care Equipment & Services
EYM,ELYSIUM RESOURCES LIMITED|Materials
EMB,EMBELTON LIMITED|Capital Goods
EHL,EMECO HOLDINGS LIMITED|Capital Goods
EMC,EMEFCY GROUP LIMITED|Commercial & Professional Services
EMR,EMERALD RESOURCES NL|Materials
EMG,EMERGENT RESOURCES LIMITED|Materials
EMF,EMERGING MARKETS MASTERS FUND|Not Applic
EML,EML PAYMENTS LIMITED|Diversified Financials
ERM,EMMERSON RESOURCES LIMITED|Materials
ERX,EMPEROR RANGE GROUP LIMITED|Materials
EEG,EMPIRE ENERGY GROUP LIMITED|Energy
EGO,EMPIRE OIL & GAS NL|Energy
ERL,EMPIRE RESOURCES LIMITED|Materials
EPD,EMPIRED LTD|Software & Services
EMU,EMU NL|Materials
ENR,ENCOUNTER RESOURCES LIMITED|Materials
ENB,ENEABBA GAS LIMITED|Utilities
ENX,ENEGEX LIMITED|Energy
EMX,ENERGIA MINERALS LIMITED|Energy
EAX,ENERGY ACTION LIMITED|Commercial & Professional Services
EME,ENERGY METALS LTD|Energy
EOL,ENERGY ONE LIMITED|Software & Services
ERA,ENERGY RESOURCES OF AUSTRALIA LIMITED|Energy
EGY,ENERGY TECHNOLOGIES LIMITED|Capital Goods
EWC,ENERGY WORLD CORPORATION LTD|Utilities
ERJ,ENERJI LTD|Utilities
EGG,ENERO GROUP LIMITED|Media
EGN,ENGENCO LIMITED|Capital Goods
EOR,ENHANCED OIL & GAS RECOVERY LIMITED|Energy
ENC,ENICE HOLDING COMPANY LIMITED|Telecommunication Services
EXO,ENNOX GROUP LTD|Diversified Financials
E88,ENSOGO LIMITED|Retailing
ENA,ENSURANCE LTD|Insurance
ETE,ENTEK ENERGY LTD|Energy
ENT,ENTERPRISE METALS LIMITED|Materials
EVM,ENVIROMISSION LIMITED|Utilities
ESI,ENVIRONMENTAL CLEAN TECHNOLOGIES LIMITED|Commercial & Professional Services
EGL,ENVIRONMENTAL GROUP LIMITED (THE)|Capital Goods
EVS,ENVIROSUITE LIMITED|Commercial & Professional Services
ENZ,ENZUMO LIMITED|Software & Services
EPT,EPAT TECHNOLOGIES LTD|Health Care Equipment & Services
EPA,EPHRAIM RESOURCES LIMITED|Not Applic
EQT,EQT HOLDINGS LIMITED|Diversified Financials
EQU,EQUATOR RESOURCES LTD|Materials
EQX,EQUATORIAL RESOURCES LIMITED|Materials
EQE,EQUUS MINING LIMITED|Materials
EPW,ERM POWER LIMITED|Utilities
ESE,ESENSE-LAB LTD|Pharmaceuticals & Biotechnology & Life Sciences
ESV,ESERVGLOBAL LIMITED|Software & Services
ESM,ESPERANCE MINERALS LIMITED|Materials
ESH,ESPORTS MOGUL ASIA PACIFIC LIMITED|Software & Services
EHE,ESTIA HEALTH LIMITED|Health Care Equipment & Services
ESR,ESTRELLA RESOURCES LIMITED|Materials
GOL,ETFS METAL SECURITIES AUSTRALIA LIMITED.|Diversified Financials
ESK,ETHERSTACK PLC|Software & Services
EUM,EUMERALLA RESOURCES LIMITED|Materials
EBG,EUMUNDI GROUP LIMITED|Consumer Services
EGH,EUREKA GROUP HOLDINGS LIMITED|Real Estate
EUR,EUROPEAN LITHIUM LIMITED|Materials
EMH,EUROPEAN METALS HOLDINGS LIMITED|Materials
EZL,EUROZ LIMITED|Diversified Financials
EVE,EVE INVESTMENTS LIMITED|Diversified Financials
EVT,EVENT HOSPITALITY AND ENTERTAINMENT LTD|Media
EVN,EVOLUTION MINING LIMITED|Materials
EVO,EVOLVE EDUCATION GROUP LIMITED|Consumer Services
EVZ,EVZ LIMITED|Capital Goods
EXG,EXCELSIOR GOLD LIMITED|Materials
EXU,EXPLAURUM LIMITED|Materials
EXC,EXTERRA RESOURCES LIMITED|Materials
EZA,EZA CORPORATION LTD|Commercial & Professional Services
FTT,FACTOR THERAPEUTICS LIMITED|Pharmaceuticals & Biotechnology & Life Sciences
FXJ,FAIRFAX MEDIA LIMITED|Media
FZO,FAMILY ZONE CYBER SAFETY LIMITED|Software & Services
FAR,FAR LIMITED|Energy
FRM,FARM PRIDE FOODS LIMITED|Food & Beverage & Tobacco
FFC,FARMAFORCE LIMITED|Health Care Equipment & Services
FBR,FASTBRICK ROBOTICS LTD|Capital Goods
FE8,FASTER ENTERPRISES LTD|Real Estate
FPC,FAT PROPHETS GLOBAL CONTRARIAN FUND LTD|Not Applic
FFG,FATFISH INTERNET GROUP LTD|Diversified Financials
FEL,FE LIMITED|Materials
FCR,FERRUM CRESCENT LIMITED|Materials
FTZ,FERTOZ LIMITED|Materials
FFI,FFI HOLDINGS LIMITED|Food & Beverage & Tobacco
FID,FIDUCIAN GROUP LIMITED|Diversified Financials
FRI,FINBAR GROUP LIMITED|Real Estate
FND,FINDERS RESOURCES LIMITED|Materials
FGR,FIRST GRAPHITE LIMITED|Materials
FGF,FIRST GROWTH FUNDS LIMITED|Not Applic
FMA,FIRSTMAC MORTGAGE FUNDING TRUST SERIES 1-2007|Not Applic
FCT,FIRSTWAVE CLOUD TECHNOLOGY LIMITED|Software & Services
FPH,FISHER & PAYKEL HEALTHCARE CORPORATION LIMITED|Health Care Equipment & Services
FZR,FITZROY RIVER CORPORATION LTD|Energy
FSI,FLAGSHIP INVESTMENTS LIMITED|Diversified Financials
FWD,FLEETWOOD CORPORATION LIMITED|Consumer Durables & Apparel
FBU,FLETCHER BUILDING LIMITED|Materials
FXL,FLEXIGROUP LIMITED|Diversified Financials
FRX,FLEXIROAM LIMITED|Telecommunication Services
FLT,FLIGHT CENTRE TRAVEL GROUP LIMITED|Consumer Services
FMS,FLINDERS MINES LIMITED|Materials
FML,FOCUS MINERALS LTD|Materials
FET,FOLKESTONE EDUCATION TRUST|Real Estate
FLK,FOLKESTONE LIMITED|Real Estate
FSF,FONTERRA SHAREHOLDERS' FUND|Food & Beverage & Tobacco
FOR,FORAGER AUSTRALIAN SHARES FUND|Not Applic
4CE,FORCE COMMODITIES LIMITED|Materials
FRC,FORTE CONSOLIDATED LIMITED|Materials
FMG,FORTESCUE METALS GROUP LTD|Materials
FOY,FOY GROUP LIMITED|Materials
FRN,FRASER RANGE METALS GROUP LTD|Materials
FNP,FREEDOM FOODS GROUP LIMITED|Food & Beverage & Tobacco
FIG,FREEDOM INSURANCE GROUP LTD|Insurance
FDM,FREEDOM OIL AND GAS LTD|Energy
FHS,FREEHILL MINING LIMITED.|Materials
FLN,FREELANCER LIMITED|Software & Services
FRE,FRESHTEL HOLDINGS LIMITED|Telecommunication Services
FCG,FRONTIER CAPITAL GROUP LIMITED|Commercial & Professional Services
FDV,FRONTIER DIGITAL VENTURES LIMITED|Software & Services
FNT,FRONTIER RESOURCES LIMITED|Materials
FSA,FSA GROUP LIMITED|Diversified Financials
FUN,FUNTASTIC LIMITED|Retailing
FFT,FUTURE FIBRE TECHNOLOGIES LIMITED|Technology Hardware & Equipment
FGG,FUTURE GENERATION GLOBAL INVESTMENT COMPANY LIMITED|Not Applic
FGX,FUTURE GENERATION INVESTMENT COMPANY LIMITED|Not Applic
FYI,FYI RESOURCES LIMITED|Materials
GMV,G MEDICAL INNOVATIONS HOLDINGS LIMITED|Class Pend
GUD,G.U.D. HOLDINGS LIMITED|Consumer Durables & Apparel
GEM,G8 EDUCATION LIMITED|Consumer Services
GRB,GAGE ROADS BREWING CO LIMITED|Food & Beverage & Tobacco
GXY,GALAXY RESOURCES LIMITED|Materials
GAP,GALE PACIFIC LIMITED|Consumer Durables & Apparel
GLL,GALILEE ENERGY LIMITED|Energy
GCM,GARDA CAPITAL GROUP|Not Applic
GDF,GARDA DIVERSIFIED PROPERTY FUND|Real Estate
GGX,GAS2GRID LIMITED|Energy
GCY,GASCOYNE RESOURCES LIMITED|Materials
GTY,GATEWAY LIFESTYLE GROUP|Real Estate
GML,GATEWAY MINING LIMITED|Materials
GZL,GAZAL CORPORATION LIMITED|Consumer Durables & Apparel
GBX,GB ENERGY LIMITED|Energy
GBM,GBM GOLD LTD|Materials
GBZ,GBM RESOURCES LIMITED|Materials
GBT,GBST HOLDINGS LIMITED|Software & Services
GDI,GDI PROPERTY GROUP|Real Estate
GBI,GENERA BIOSYSTEMS LIMITED|Pharmaceuticals & Biotechnology & Life Sciences
GHC,GENERATION HEALTHCARE REIT|Real Estate
GNE,GENESIS ENERGY LIMITED|Utilities
GMD,GENESIS MINERALS LIMITED|Materials
GES,GENESIS RESOURCES LIMITED|Materials
GSS,GENETIC SIGNATURES LIMITED|Pharmaceuticals & Biotechnology & Life Sciences
GTG,GENETIC TECHNOLOGIES LIMITED|Pharmaceuticals & Biotechnology & Life Sciences
GNX,GENEX POWER LIMITED|Utilities
GTK,GENTRACK GROUP LIMITED|Software & Services
GMA,GENWORTH MORTGAGE INSURANCE AUSTRALIA LIMITED|Banks
GPR,GEOPACIFIC RESOURCES LTD|Materials
GSW,GETSWIFT LIMITED|Software & Services
INC,GI DYNAMICS|GID
GBG,GINDALBIE METALS LTD|Materials
GLA,GLADIATOR RESOURCES LIMITED|Materials
GC1,GLENNON SMALL COMPANIES LIMITED|Not Applic
GLE,GLG CORP LTD|Consumer Durables & Apparel
GCS,GLOBAL CONSTRUCTION SERVICES LIMITED|Capital Goods
GEV,GLOBAL ENERGY VENTURES LTD|Energy
GFI,GLOBAL FORTUNE INVESTMENT LIMITED|Materials
GSC,GLOBAL GEOSCIENCE LIMITED|Materials
GGH,GLOBAL GOLD HOLDINGS LIMITED|Diversified Financials
GLH,GLOBAL HEALTH LIMITED|Health Care Equipment & Services
GFL,GLOBAL MASTERS FUND LIMITED|Diversified Financials
GBP,GLOBAL PETROLEUM LIMITED|Energy
GVF,GLOBAL VALUE FUND LIMITED|Not Applic
GLB,GLOBE INTERNATIONAL LIMITED|Consumer Durables & Apparel
GBE,GLOBE METALS & MINING LIMITED|Materials
GME,GME RESOURCES LIMITED|Materials
GOE,GO ENERGY GROUP LIMITED|Capital Goods
GCN,GOCONNECT LIMITED|Software & Services
GFY,GODFREYS GROUP LIMITED|Retailing
GMN,GOLD MOUNTAIN LIMITED|Materials
GOR,GOLD ROAD RESOURCES LIMITED|Materials
GCR,GOLDEN CROSS RESOURCES LTD|Materials
GED,GOLDEN DEEPS LIMITED.|Materials
GMR,GOLDEN RIM RESOURCES LTD|Materials
GMY,GOLDFIELDS MONEY LIMITED|Banks
GSE,GOLDSEARCH LIMITED|Materials
GDA,GONDWANA RESOURCES LIMITED|Materials
GMG,GOODMAN GROUP|Real Estate
GMP,GOODMAN PLUS TRUST|Not Applic
GOO,GOOROO VENTURES LIMITED|Software & Services
GOW,GOWING BROS LIMITED|Diversified Financials
GPS,GPS ALLIANCE HOLDINGS LIMITED|Real Estate
GPT,GPT GROUP|Real Estate
GNG,GR ENGINEERING SERVICES LIMITED|Materials
GNC,GRAINCORP LIMITED|Food & Beverage & Tobacco
GGE,GRAND GULF ENERGY LIMITED|Energy
GBA,GRANDBRIDGE LIMITED|Diversified Financials
GRR,GRANGE RESOURCES LIMITED.|Materials
GPX,GRAPHEX MINING LIMITED|Materials
GRA,GRAPHITECORP LIMITED|Materials
GEG,GRAYS ECOMMERCE GROUP LIMITED|Software & Services
GBR,GREAT BOULDER RESOURCES LIMITED|Materials
GTE,GREAT WESTERN EXPLORATION LIMITED.|Materials
GXL,GREENCROSS LIMITED|Retailing
GGG,GREENLAND MINERALS AND ENERGY LIMITED|Materials
GPP,GREENPOWER ENERGY LIMITED|Energy
GRV,GREENVALE ENERGY LIMITED|Energy
GOZ,GROWTHPOINT PROPERTIES AUSTRALIA|Real Estate
GTR,GTI RESOURCES LIMITED|Materials
GTN,GTN LIMITED|Media
GLF,GULF INDUSTRIALS LIMITED|Materials
GMC,GULF MANGANESE CORPORATION LIMITED|Materials
GUL,GULLEWA LIMITED|Materials
GWA,GWA GROUP LIMITED.|Capital Goods
GWR,GWR GROUP LIMITED|Materials
HMX,HAMMER METALS LIMITED|Materials
HHM,HAMPTON HILL MINING NL|Materials
HNR,HANNANS LTD|Materials
HSN,HANSEN TECHNOLOGIES LIMITED|Software & Services
HAO,HAOMA MINING NL|Materials
HAR,HARANGA RESOURCES LIMITED|Materials
HT8,HARRIS TECHNOLOGY GROUP LIMITED|Retailing
HVN,HARVEY NORMAN HOLDINGS LIMITED|Retailing
HAS,HASTINGS TECHNOLOGY METALS LTD|Materials
HAV,HAVILAH RESOURCES LIMITED|Materials
HOG,HAWKLEY OIL AND GAS LIMITED|Energy
HWK,HAWKSTONE MINING LIMITED|Materials
HAW,HAWTHORN RESOURCES LIMITED|Materials
HZR,HAZER GROUP LIMITED|Materials
HSO,HEALTHSCOPE LIMITED.|Health Care Equipment & Services
HMO,HEARMEOUT LIMITED|Software & Services
HSK,HEEMSKIRK CONSOLIDATED LIMITED|Materials
HLX,HELIX RESOURCES LIMITED|Materials
HLO,HELLOWORLD TRAVEL LIMITED|Consumer Services
HGG,HENDERSON GROUP PLC.|Diversified Financials
HML,HENRY MORGAN LIMITED|Not Applic
HBS,HERITAGE BANK LIMITED|Not Applic
HRR,HERON RESOURCES LIMITED|Materials
HXG,HEXAGON RESOURCES LIMITED|Materials
HFA,HFA HOLDINGS LIMITED|Diversified Financials
HNG,HGL LIMITED|Capital Goods
HHY,HHY FUND|Not Applic
HPR,HIGH PEAK ROYALTIES LIMITED|Utilities
HFR,HIGHFIELD RESOURCES LIMITED|Materials
HIG,HIGHLANDS PACIFIC LIMITED|Materials
HEG,HILL END GOLD LIMITED|Materials
HGO,HILLGROVE RESOURCES LIMITED|Materials
HIL,HILLS LIMITED|Technology Hardware & Equipment
HIT,HITECH GROUP AUSTRALIA LIMITED|Commercial & Professional Services
HJB,HJB CORPORATION LIMITED|Commercial & Professional Services
HCT,HOLISTA COLLTECH LIMITED|Household & Personal Products
HOM,HOMELOANS LIMITED|Banks
HRN,HORIZON GOLD LIMITED|Materials
HZN,HORIZON OIL LIMITED|Energy
HOR,HORSESHOE METALS LIMITED|Materials
HCH,HOT CHILI LIMITED|Materials
HOT,HOTCOPPER HOLDINGS LIMITED|Software & Services
HPI,HOTEL PROPERTY INVESTMENTS|Real Estate
HRL,HRL HOLDINGS LTD|Commercial & Professional Services
HUB,HUB24 LIMITED|Diversified Financials
HGL,HUDSON INVESTMENT GROUP LIMITED|Real Estate
HDX,HUGHES DRILLING LIMITED|Materials
HHV,HUNTER HALL GLOBAL VALUE LIMITED|Diversified Financials
HHL,HUNTER HALL INTERNATIONAL LIMITED|Diversified Financials
HRE,HUNTSMAN RESOURCES LIMITED|Class Pend
HUO,HUON AQUACULTURE GROUP LIMITED|Food & Beverage & Tobacco
HTA,HUTCHISON TELECOMMUNICATIONS (AUSTRALIA) LIMITED|Telecommunication Services
INC.,HYUNDAI CAPITAL SERVICES|HCS
IS3,I SYNERGY GROUP LIMITED|Media
IAN,IAG FINANCE (NEW ZEALAND) LIMITED|Not Applic
IB8,IBOSSES CORPORATION LIMITED|Consumer Services
IBN,IBUYNEW GROUP LIMITED|Consumer Services
ICI,ICANDY INTERACTIVE LIMITED|Software & Services
ICQ,ICAR ASIA LIMITED|Media
ICT,ICOLLEGE LIMITED|Consumer Services
ICN,ICON ENERGY LIMITED|Energy
ICS,ICSGLOBAL LIMITED|Health Care Equipment & Services
IDF,IDOL 2010-1 TRUST|Not Applic
IDH,IDOL 2011-1 TRUST|Not Applic
IDJ,IDOL 2011-2 TRUST|Not Applic
IEL,IDP EDUCATION LIMITED|Consumer Services
IDT,IDT AUSTRALIA LIMITED|Pharmaceuticals & Biotechnology & Life Sciences
IKE,IKEGPS GROUP LIMITED|Technology Hardware & Equipment
IKW,IKWEZI MINING LIMITED|Energy
ILU,ILUKA RESOURCES LIMITED|Materials
IMI,IM MEDICAL LTD|Health Care Equipment & Services
IMA,IMAGE RESOURCES NL|Materials
IMD,IMDEX LIMITED|Materials
IMF,IMF BENTHAM LIMITED|Diversified Financials
IMC,IMMURON LIMITED|Pharmaceuticals & Biotechnology & Life Sciences
IPT,IMPACT MINERALS LIMITED|Materials
IPD,IMPEDIMED LIMITED|Health Care Equipment & Services
IPC,IMPERIAL PACIFIC LIMITED|Diversified Financials
IHL,IMPRESSION HEALTHCARE LIMITED|Health Care Equipment & Services
IMU,IMUGENE LIMITED|Pharmaceuticals & Biotechnology & Life Sciences
IAB,INABOX GROUP LIMITED|Telecommunication Services
ICG,INCA MINERALS LIMITED|Materials
IPL,INCITEC PIVOT LIMITED|Materials
IOG,INCREMENTAL OIL AND GAS LIMITED|Energy
INK,INDAGO ENERGY LIMITED|Energy
IGO,INDEPENDENCE GROUP NL|Materials
INF,INDIA FUND LIMITED.|Class Pend
IRL,INDIA RESOURCES LIMITED|Materials
IDA,INDIANA RESOURCES LIMITED|Materials
IDO,INDO MINES LIMITED|Materials
IDC,INDOCHINE MINING LIMITED|Materials
IDZ,INDOOR SKYDIVE AUSTRALIA GROUP LIMITED|Consumer Services
ICZ,INDUS COAL LIMITED|Energy
IND,INDUS ENERGY NL|Energy
IDR,INDUSTRIA REIT|Real Estate
ICB,INDUSTRIAL AND COMMERCIAL BANK OF CHINA LIMITED|Not Applic
IFN,INFIGEN ENERGY|Utilities
IFM,INFOMEDIA LTD|Software & Services
IFT,INFRATIL LIMITED.|Utilities
INA,INGENIA COMMUNITIES GROUP|Real Estate
ING,INGHAMS GROUP LIMITED|Food & Beverage & Tobacco
IIL,INNATE IMMUNOTHERAPEUTICS LIMITED|Pharmaceuticals & Biotechnology & Life Sciences
IAG,INSURANCE AUSTRALIA GROUP LIMITED|Insurance
IDX,INTEGRAL DIAGNOSTICS LIMITED|Health Care Equipment & Services
ITL,INTEGRATED MEDIA TECHNOLOGY LIMITED|Media
IP1,INTEGRATED PAYMENT TECHNOLOGIES LIMITED|Software & Services
IRI,INTEGRATED RESEARCH LIMITED|Software & Services
IRC,INTERMIN RESOURCES LIMITED|Materials
IEQ,INTERNATIONAL EQUITIES CORPORATION LIMITED.|Real Estate
IFX,INTERNATIONAL FINANCE CORPORATION|Not Applic
IGS,INTERNATIONAL GOLDFIELDS LIMITED...|Materials
IHS,INTERPOSE HOLDINGS LIMITED|Energy
IMG,INTERSTAR MILLENNIUM SERIES 2002-1G TRUST|Not Applic
IMX,INTERSTAR MILLENNIUM SERIES 2003-3G TRUST|Not Applic
IMQ,INTERSTAR MILLENNIUM SERIES 2004-1E TRUST|Not Applic
IMK,INTERSTAR MILLENNIUM SERIES 2004-2G TRUST|Not Applic
IMN,INTERSTAR MILLENNIUM SERIES 2004-5 TRUST|Not Applic
IMO,INTERSTAR MILLENNIUM SERIES 2005-2L TRUST|Not Applic
INB,INTERSTAR MILLENNIUM SERIES 2006-2G TRUST|Not Applic
INN,INTERSTAR MILLENNIUM SERIES 2006-3L TRUST|Not Applic
INH,INTERSTAR MILLENNIUM SERIES 2006-4H TRUST|Not Applic
IAM,INTIGER GROUP LIMITED|Software & Services
IEC,INTRA ENERGY CORPORATION LIMITED|Energy
IAU,INTREPID MINES LIMITED|Materials
IVT,INVENTIS LIMITED|Commercial & Professional Services
IOF,INVESTA OFFICE FUND|Real Estate
IVR,INVESTIGATOR RESOURCES LTD|Materials
INV,INVESTSMART GROUP LIMITED|Diversified Financials
IVO,INVIGOR GROUP LIMITED|Media
IVX,INVION LIMITED|Pharmaceuticals & Biotechnology & Life Sciences
IVQ,INVITROCUE LIMITED|Pharmaceuticals & Biotechnology & Life Sciences
IVC,INVOCARE LIMITED|Consumer Services
IOD,IODM LIMITED|Materials
IFL,IOOF HOLDINGS LIMITED|Diversified Financials
IOT,IOT GROUP LIMITED|Consumer Durables & Apparel
IPB,IPB PETROLEUM LIMITED|Energy
IPE,IPE LIMITED|Diversified Financials
IPH,IPH LIMITED|Commercial & Professional Services
IQ3,IQ3CORP LIMITED|Diversified Financials
IRE,IRESS LIMITED|Diversified Financials
INM,IRON MOUNTAIN INCORPORATED|Real Estate
IRD,IRON ROAD LIMITED|Materials
IBC,IRONBARK CAPITAL LIMITED|Diversified Financials
IBG,IRONBARK ZINC LTD|Materials
ISU,ISELECT LIMITED.|Consumer Services
ISD,ISENTIA GROUP LIMITED|Software & Services
ICU,ISENTRIC LIMITED.|Software & Services
IAA,ISHARES ASIA 50 ETF|Not Applic
IZZ,ISHARES CHINA LARGE-CAP ETF|Not Applic
IEU,ISHARES EUROPE ETF|Not Applic
IOO,ISHARES GLOBAL 100 ETF|Not Applic
IBK,ISHARES MSCI BRIC ETF|Not Applic
IVE,ISHARES MSCI EAFE ETF|Not Applic
IEM,ISHARES MSCI EMERGING MARKETS ETF|Not Applic
IHK,ISHARES MSCI HONG KONG ETF|Not Applic
IJP,ISHARES MSCI JAPAN ETF|Not Applic
ISG,ISHARES MSCI SINGAPORE CAPPED ETF|Not Applic
IKO,ISHARES MSCI SOUTH KOREA CAPPED ETF|Not Applic
ITW,ISHARES MSCI TAIWAN CAPPED ETF|Not Applic
IRU,ISHARES RUSSELL 2000 ETF|Not Applic
IVV,ISHARES S&P 500 ETF|Not Applic
IJR,ISHARES S&P SMALL-CAP ETF|Not Applic
ISH,ISHINE INTERNATIONAL RESOURCES LIMITED|Materials
ISX,ISIGNTHIS LTD|Software & Services
ITD,ITL LIMITED|Health Care Equipment & Services
IGL,IVE GROUP LIMITED|Commercial & Professional Services
JIP,JACK-IN GROUP LIMITED|Capital Goods
JKA,JACKA RESOURCES LIMITED|Energy
JHX,JAMES HARDIE INDUSTRIES PLC|Materials
JAL,JAMESON RESOURCES LIMITED|Materials
JHC,JAPARA HEALTHCARE LIMITED|Health Care Equipment & Services
JAT,JATENERGY LIMITED|Retailing
JHL,JAYEX HEALTHCARE LIMITED|Health Care Equipment & Services
JBH,JB HI-FI LIMITED|Retailing
JCI,JC INTERNATIONAL GROUP LIMITED|Capital Goods
JCS,JCURVE SOLUTIONS LTD|Software & Services
JRV,JERVOIS MINING LIMITED|Materials
JJF,JIAJIAFU MODERN AGRICULTURE LIMITED|Food & Beverage & Tobacco
JRL,JINDALEE RESOURCES LIMITED|Materials
JYC,JOYCE CORPORATION LTD|Retailing
JIN,JUMBO INTERACTIVE LIMITED|Consumer Services
JPR,JUPITER ENERGY LIMITED|Energy
JKL,JUSTKAPITAL LIMITED|Diversified Financials
JVG,JV GLOBAL LIMITED|Capital Goods
KSC,K & S CORPORATION LIMITED|Transportation
KAM,K2 ASSET MANAGEMENT HOLDINGS LTD|Diversified Financials
KTE,K2 ENERGY LIMITED.|Utilities
K2F,K2FLY LIMITED|Software & Services
KAB,KABOKO MINING LIMITED|Materials
KBU,KABUNI LTD|Software & Services
KLR,KAILI RESOURCES LIMITED|Energy
KIK,KAIRIKI ENERGY LIMITED|Energy
KAI,KAIROS MINERALS LIMITED|Materials
KZR,KALAMAZOO RESOURCES LIMITED|Materials
KPO,KALINA POWER LIMITED|Utilities
KLL,KALIUM LAKES LIMITED|Materials
KGM,KALNORTH GOLD MINES LIMITED|Materials
KPT,KANGAROO ISLAND PLANTATION TIMBERS LTD|Materials
KRL,KANGAROO RESOURCES LIMITED|Materials
KAR,KAROON GAS AUSTRALIA LIMITED|Energy
KAS,KASBAH RESOURCES LIMITED|Materials
KAT,KATANA CAPITAL LIMITED|Not Applic
KMD,KATHMANDU HOLDINGS LIMITED|Retailing
KPC,KAZAKHSTAN POTASH CORPORATION LIMITED|Materials
KBL,KBL MINING LIMITED|Materials
KEY,KEY PETROLEUM LIMITED|Energy
KBC,KEYBRIDGE CAPITAL LIMITED|Diversified Financials
KFW,KFW|Not Applic
KGL,KGL RESOURCES LIMITED|Materials
KNL,KIBARAN RESOURCES LIMITED|Materials
KDR,KIDMAN RESOURCES LIMITED|Materials
KIN,KIN MINING NL|Materials
KPL,KINA PETROLEUM LIMITED|Energy
KSL,KINA SECURITIES LIMITED|Diversified Financials
KKO,KINETIKO ENERGY LTD|Energy
KIS,KING ISLAND SCHEELITE LIMITED|Materials
KRC,KING RIVER COPPER LIMITED|Materials
KIG,KINGFISHER TRUST 2016-1|Not Applic
KFG,KINGFORM HEALTH HOMETEXTILE GROUP LIMITED|Consumer Durables & Apparel
KCN,KINGSGATE CONSOLIDATED LIMITED.|Materials
KLO,KINGSLAND GLOBAL LTD|Real Estate
KRM,KINGSROSE MINING LIMITED|Materials
KSN,KINGSTON RESOURCES LIMITED|Materials
KME,KIP MCGRATH EDUCATION CENTRES LIMITED|Consumer Services
KNM,KNEOMEDIA LIMITED|Software & Services
KNO,KNOSYS LIMITED|Software & Services
KGN,KOGAN.COM LTD|Retailing
KFE,KOGI IRON LIMITED|Materials
KKL,KOLLAKORN CORPORATION LIMITED|Technology Hardware & Equipment
KKT,KONEKT LIMITED|Health Care Equipment & Services
KNH,KOON HOLDINGS LIMITED|Capital Goods
KOR,KORAB RESOURCES LIMITED|Materials
K2P,KORE POTASH LIMITED|Materials
KOP,KOREA SOUTH-EAST POWER CO LTD|Not Applic
KOV,KORVEST LTD|Capital Goods
KTA,KRAKATOA RESOURCES LIMITED|Materials
KRS,KRESTA HOLDINGS LIMITED|Consumer Durables & Apparel
KGD,KULA GOLD LIMITED|Materials
KYK,KYCKR LIMITED|Software & Services
LSA,LACHLAN STAR LIMITED|Materials
LCR,LACONIA RESOURCES LIMITED|Materials
LKE,LAKE RESOURCES N.L.|Materials
LKO,LAKES OIL NL|Energy
LHM,LAND & HOMES GROUP LIMITED|Real Estate
LMW,LANDMARK WHITE LIMITED|Real Estate
LNY,LANEWAY RESOURCES LTD|Materials
LGR,LANKA GRAPHITE LIMITED|Not Applic
LTN,LANTERN HOTEL GROUP|Real Estate
LAM,LARAMIDE RESOURCES LTD|Energy
LBL,LASERBOND LIMITED|Capital Goods
LAA,LATAM AUTOS LIMITED|Software & Services
LRS,LATIN RESOURCES LIMITED|Materials
LCD,LATITUDE CONSOLIDATED LIMITED|Materials
LMG,LATROBE MAGNESIUM LIMITED|Materials
LSN,LAWSON GOLD LIMITED|Materials
LBT,LBT INNOVATIONS LIMITED|Health Care Equipment & Services
LER,LEAF RESOURCES LTD|Materials
LEX,LEFROY EXPLORATION LIMITED|Materials
LCY,LEGACY IRON ORE LIMITED|Materials
LGD,LEGEND CORPORATION LIMITED|Capital Goods
LEG,LEGEND MINING LIMITED|Materials
LCK,LEIGH CREEK ENERGY LIMITED|Materials
LLC,LENDLEASE GROUP|Real Estate
LPD,LEPIDICO LTD|Materials
LRL,LEYSHON RESOURCES LIMITED|Materials
LFC,LIFE CORPORATION LTD|Consumer Services
LHC,LIFEHEALTHCARE GROUP LIMITED|Health Care Equipment & Services
LSH,LIFESPOT HEALTH LTD|Health Care Equipment & Services
LIC,LIFESTYLE COMMUNITIES LIMITED|Real Estate
LML,LINCOLN MINERALS LIMITED|Materials
LIN,LINDIAN RESOURCES LIMITED|Materials
LAU,LINDSAY AUSTRALIA LIMITED|Transportation
LNU,LINIUS TECHNOLOGIES LIMITED|Materials
LNK,LINK ADMINISTRATION HOLDINGS LIMITED|Software & Services
LIO,LION ENERGY LIMITED|Energy
LLO,LION ONE METALS LIMITED|Materials
LSX,LION SELECTION GROUP LIMITED.|Diversified Financials
LHB,LIONHUB GROUP LIMITED|Real Estate
LTR,LIONTOWN RESOURCES LIMITED|Materials
LNG,LIQUEFIED NATURAL GAS LIMITED|Energy
LIT,LITHIUM AUSTRALIA NL|Materials
LI3,LITHIUM CONSOLIDATED MINERAL EXPLORATION LIMITED|Materials
LPI,LITHIUM POWER INTERNATIONAL LIMITED|Materials
LCA,LITIGATION CAPITAL MANAGEMENT LIMITED|Diversified Financials
LVH,LIVEHIRE LIMITED|Software & Services
LVT,LIVETILES LIMITED|Software & Services
LCT,LIVING CELL TECHNOLOGIES LIMITED|Pharmaceuticals & Biotechnology & Life Sciences
LCG,LIVING CITIES DEVELOPMENT GROUP LIMITED|Materials
LPE,LOCALITY PLANNING ENERGY HOLDINGS LIMITED|Utilities
LSR,LODESTAR MINERALS LIMITED|Materials
LCM,LOGICAMMS LIMITED|Capital Goods
LCE,LONDON CITY EQUITIES LIMITED|Diversified Financials
LGO,LONGREACH OIL LIMITED|Energy
LOV,LOVISA HOLDINGS LIMITED|Retailing
LOM,LUCAPA DIAMOND COMPANY LIMITED|Materials
LGM,LUIRI GOLD LIMITED|Materials
LWP,LWP TECHNOLOGIES LIMITED|Energy
LYL,LYCOPODIUM LIMITED|Capital Goods
LYC,LYNAS CORPORATION LIMITED|Materials
MLD,MACA LIMITED|Materials
MMM,MACARTHUR AUSTRALIA LIMITED|Class Pend
M7T,MACH7 TECHNOLOGIES LIMITED|Health Care Equipment & Services
MAH,MACMAHON HOLDINGS LIMITED|Capital Goods
MRP,MACPHERSONS RESOURCES LIMITED|Materials
MQA,MACQUARIE ATLAS ROADS GROUP|Transportation
MBL,MACQUARIE BANK LIMITED|Not Applic
MQG,MACQUARIE GROUP LIMITED|Diversified Financials
MRN,MACQUARIE MEDIA LIMITED|Media
MAQ,MACQUARIE TELECOM GROUP LIMITED|Telecommunication Services
MFG,MAGELLAN FINANCIAL GROUP LIMITED|Diversified Financials
MAG,MAGMATIC RESOURCES LIMITED|Class Pend
MAU,MAGNETIC RESOURCES NL|Materials
MGT,MAGNETITE MINES LIMITED.|Materials
MNS,MAGNIS RESOURCES LIMITED.|Materials
MPE,MAGNUM GAS & POWER LIMITED|Energy
MGU,MAGNUM MINING AND EXPLORATION LIMITED|Materials
MGL,MAGONTEC LIMITED|Materials
MAI,MAINSTREAMBPO LIMITED|Diversified Financials
MHH,MAJESTIC HORIZON HOLDINGS LTD|Class Pend
MAR,MALACHITE RESOURCES LIMITED|Materials
MGP,MANAGED ACCOUNTS HOLDINGS LIMITED|Diversified Financials
MTL,MANALTO LIMITED|Software & Services
MSR,MANAS RESOURCES LIMITED|Materials
MDD,MANDALONG RESOURCES LIMITED|Materials
MHC,MANHATTAN CORPORATION LIMITED|Energy
MNM,MANTLE MINING CORPORATION LIMITED|Materials
MTR,MANTRA GROUP LIMITED|Consumer Services
MKR,MANUKA RESOURCES LTD|Class Pend
MEY,MARENICA ENERGY LTD|Energy
MTM,MARETERRAM LIMITED|Capital Goods
MZN,MARINDI METALS LIMITED|Materials
MCX,MARINER CORPORATION LIMITED|Diversified Financials
MEU,MARMOTA LIMITED|Energy
MQR,MARQUEE RESOURCES LIMITED|Materials
MJP,MARTIN AIRCRAFT COMPANY LIMITED|Capital Goods
MYE,MASTERMYNE GROUP LIMITED|Materials
MZZ,MATADOR MINING LIMITED|Materials
MCE,MATRIX COMPOSITES & ENGINEERING LIMITED|Energy
MAT,MATSA RESOURCES LIMITED|Materials
MXR,MAXIMUS RESOURCES LIMITED|Materials
MXI,MAXITRANS INDUSTRIES LIMITED|Capital Goods
MSP,MAXSEC GROUP LIMITED|Technology Hardware & Equipment
MFD,MAYFIELD CHILDCARE LIMITED|Consumer Services
MYX,MAYNE PHARMA GROUP LIMITED|Pharmaceuticals & Biotechnology & Life Sciences
MCS,MCALEESE LIMITED|Transportation
MEA,MCGRATH LIMITED|Real Estate
MMS,MCMILLAN SHAKESPEARE LIMITED|Commercial & Professional Services
MCP,MCPHERSON'S LIMITED|Consumer Durables & Apparel
MSG,MCS SERVICES LIMITED|Commercial & Professional Services
MMR,MEC RESOURCES LIMITED|Energy
MDR,MEDADVISOR LIMITED|Health Care Equipment & Services
MBJ,MEDALLION TRUST SERIES 2013-2|Not Applic
MDZ,MEDALLION TRUST SERIES 2014-1|Not Applic
MPZ,MEDALLION TRUST SERIES 2014-1P|Not Applic
MZB,MEDALLION TRUST SERIES 2014-2|Not Applic
MZA,MEDALLION TRUST SERIES 2015-1|Not Applic
MZC,MEDALLION TRUST SERIES 2015-2|Not Applic
MZF,MEDALLION TRUST SERIES 2016-1|Not Applic
MZT,MEDALLION TRUST SERIES 2016-2|Not Applic
MPL,MEDIBANK PRIVATE LIMITED|Insurance
MEB,MEDIBIO LIMITED|Pharmaceuticals & Biotechnology & Life Sciences
MLA,MEDICAL AUSTRALIA LIMITED|Health Care Equipment & Services
MVP,MEDICAL DEVELOPMENTS INTERNATIONAL LIMITED|Pharmaceuticals & Biotechnology & Life Sciences
MGZ,MEDIGARD LIMITED|Health Care Equipment & Services
MDC,MEDLAB CLINICAL LIMITED|Pharmaceuticals & Biotechnology & Life Sciences
MML,MEDUSA MINING LIMITED|Materials
MP1,MEGAPORT LIMITED|Software & Services
MJC,MEJORITY CAPITAL LIMITED|Diversified Financials
MAY,MELBANA ENERGY LIMITED|Energy
MLB,MELBOURNE IT LIMITED|Software & Services
MEM,MEMPHASYS LIMITED.|Pharmaceuticals & Biotechnology & Life Sciences
MVT,MERCANTILE INVESTMENT COMPANY LTD|Diversified Financials
MHI,MERCHANT HOUSE INTERNATIONAL LIMITED|Consumer Durables & Apparel
MCY,MERCURY NZ LIMITED|Utilities
MEZ,MERIDIAN ENERGY LIMITED|Utilities
MED,MERLIN DIAMONDS LIMITED|Materials
MAS,MESA MINERALS LIMITED|Materials
MSB,MESOBLAST LIMITED|Pharmaceuticals & Biotechnology & Life Sciences
MBK,METAL BANK LIMITED|Materials
MCT,METALICITY LIMITED|Materials
MLM,METALLICA MINERALS LIMITED|Materials
MNE,METALLUM LIMITED|Materials
MLS,METALS AUSTRALIA LTD|Materials
MLX,METALS X LIMITED|Materials
MTC,METALSTECH LIMITED|Materials
MTS,METCASH LIMITED|Food & Staples Retailing
MEI,METEORIC RESOURCES NL|Materials
MEL,METGASCO LIMITED|Energy
MEQ,METLIFECARE LIMITED|Health Care Equipment & Services
MNC,METMINCO LIMITED|Materials
MMI,METRO MINING LIMITED|Energy
MPP,METRO PERFORMANCE GLASS LIMITED|Materials
MFF,MFF CAPITAL INVESTMENTS LIMITED|Diversified Financials
MGC,MG UNIT TRUST|Food & Beverage & Tobacco
MXC,MGC PHARMACEUTICALS LTD|Materials
MWR,MGM WIRELESS LIMITED|Software & Services
MHM,MHM METALS LIMITED|Materials
MHJ,MICHAEL HILL INTERNATIONAL LIMITED|Consumer Durables & Apparel
MX1,MICRO-X LIMITED|Health Care Equipment & Services
MDI,MIDDLE ISLAND RESOURCES LIMITED|Materials
MWY,MIDWAY LIMITED|Materials
MIG,MIGME LIMITED|Software & Services
MOY,MILLENNIUM MINERALS LIMITED|Materials
MIL,MILLENNIUM SERVICES GROUP LIMITED|Commercial & Professional Services
MAX,MILLINIUM'S ALTERNATIVES FUND.|Not Applic
MLT,MILTON CORPORATION LIMITED|Diversified Financials
MNB,MINBOS RESOURCES LIMITED|Materials
MCR,MINCOR RESOURCES NL|Materials
MDX,MINDAX LIMITED|Materials
MIZ,MINERA GOLD LIMITED|Materials
MRC,MINERAL COMMODITIES LTD|Materials
MDL,MINERAL DEPOSITS LIMITED|Materials
MIN,MINERAL RESOURCES LIMITED|Materials
MEP,MINOTAUR EXPLORATION LTD|Materials
MRR,MINREX RESOURCES LIMITED|Materials
MNW,MINT PAYMENTS LIMITED|Software & Services
MLI,MINTAILS LIMITED|Materials
MIR,MIRRABOOKA INVESTMENTS LIMITED|Diversified Financials
MGR,MIRVAC GROUP|Real Estate
MBT,MISSION NEWENERGY LIMITED|Energy
MSV,MITCHELL SERVICES LIMITED|Capital Goods
MTH,MITHRIL RESOURCES LIMITED|Materials
MUA,MITULA GROUP LIMITED|Software & Services
MRM,MMA OFFSHORE LIMITED|Transportation
MMG,MMG LIMITED|Materials
MMJ,MMJ PHYTOTECH LIMITED|Pharmaceuticals & Biotechnology & Life Sciences
MIH,MNC MEDIA INVESTMENT LTD|Telecommunication Services
MNF,MNF GROUP LIMITED|Telecommunication Services
MBO,MOBILARM LIMITED|Technology Hardware & Equipment
MBE,MOBILE EMBRACE LIMITED|Software & Services
MOB,MOBILICOM LIMITED|Class Pend
MOD,MOD RESOURCES LIMITED|Materials
MOE,MOELIS AUSTRALIA LIMITED|Diversified Financials
MKB,MOKO SOCIAL MEDIA LIMITED|Software & Services
MPO,MOLOPO ENERGY LIMITED|Energy
MOL,MOLY MINES LIMITED|Materials
MND,MONADELPHOUS GROUP LIMITED|Capital Goods
MA1,MONASH ABSOLUTE INVESTMENT COMPANY LIMITED|Not Applic
MVF,MONASH IVF GROUP LIMITED|Pharmaceuticals & Biotechnology & Life Sciences
MOX,MONAX MINING LIMITED|Materials
MNY,MONEY3 CORPORATION LIMITED|Diversified Financials
MZM,MONTEZUMA MINING COMPANY LTD|Materials
MRV,MORETON RESOURCES LTD|Energy
MEC,MORPHIC ETHICAL EQUITIES FUND LIMITED|Class Pend
MOC,MORTGAGE CHOICE LIMITED|Banks
MOT,MOTOPIA LIMITED|Software & Services
MTO,MOTORCYCLE HOLDINGS LIMITED|Retailing
MTB,MOUNT BURGESS MINING NL|Materials
MGX,MOUNT GIBSON IRON LIMITED|Materials
MRD,MOUNT RIDLEY MINES LIMITED|Materials
MRQ,MRG METALS LIMITED|Materials
MPW,MSL SOLUTIONS LIMITED|Class Pend
MSM,MSM CORPORATION INTERNATIONAL LTD|Software & Services
MXU,MULTIPLEX SITES TRUST|Real Estate
MSI,MULTISTACK INTERNATIONAL LIMITED|Capital Goods
MCH,MURCHISON HOLDINGS LIMITED|Diversified Financials
MCA,MURRAY COD AUSTRALIA LIMITED|Food & Beverage & Tobacco
MRG,MURRAY RIVER ORGANICS GROUP LIMITED|Food & Beverage & Tobacco
MGV,MUSGRAVE MINERALS LIMITED|Materials
MUS,MUSTANG RESOURCES LIMITED|Materials
MPX,MUSTERA PROPERTY GROUP LIMITED|Real Estate
MYR,MYER HOLDINGS LIMITED|Retailing
MYQ,MYFIZIQ LIMITED|Software & Services
MYO,MYOB GROUP LIMITED|Software & Services
MYS,MYSTATE LIMITED|Banks
MZI,MZI RESOURCES LTD|Materials
N1H,N1 HOLDINGS LIMITED|Banks
NAG,NAGAMBIE RESOURCES LIMITED|Materials
NAM,NAMOI COTTON CO-OPERATIVE LIMITED|Commercial & Professional Services
NAN,NANOSONICS LIMITED|Health Care Equipment & Services
NAC,NAOS ABSOLUTE OPPORTUNITIES COMPANY LIMITED|Not Applic
NCC,NAOS EMERGING OPPORTUNITIES COMPANY LIMITED|Not Applic
NAB,NATIONAL AUSTRALIA BANK LIMITED|Banks
NAF,NATIONAL RMBS TRUST 2011-1 SERIES 2011-1|Not Applic
NAO,NATIONAL RMBS TRUST 2011-2 SERIES 2011-2|Not Applic
NAH,NATIONAL RMBS TRUST 2012-2 SERIES 2012-2|Not Applic
NAJ,NATIONAL RMBS TRUST 2015-1 SERIES 2015-1|Not Applic
NRM,NATIONAL RMBS TRUST 2016-1|Not Applic
NSR,NATIONAL STORAGE REIT|Real Estate
NVL,NATIONAL VETERINARY CARE LTD|Health Care Equipment & Services
NML,NAVARRE MINERALS LIMITED|Materials
NAV,NAVIGATOR RESOURCES LIMITED|Materials
NVT,NAVITAS LIMITED|Consumer Services
NEA,NEARMAP LTD|Software & Services
NES,NELSON RESOURCES LIMITED|Class Pend
NXR,NEMEX RESOURCES LIMITED|Materials
NMT,NEOMETALS LTD|Materials
NMS,NEPTUNE MARINE SERVICES LIMITED|Energy
NCL,NETCCENTRIC LIMITED|Media
NTC,NETCOMM WIRELESS LIMITED|Technology Hardware & Equipment
NET,NETLINKZ LIMITED|Software & Services
NEU,NEUREN PHARMACEUTICALS LIMITED|Pharmaceuticals & Biotechnology & Life Sciences
NTI,NEUROTECH INTERNATIONAL LIMITED|Health Care Equipment & Services
NAE,NEW AGE EXPLORATION LIMITED|Energy
NGE,NEW GUINEA ENERGY LTD|Energy
NHC,NEW HOPE CORPORATION LIMITED|Energy
NHO,NEW HORIZON COAL LTD|Energy
NSE,NEW STANDARD ENERGY LIMITED|Energy
NTL,NEW TALISMAN GOLD MINES LIMITED|Materials
NZK,NEW ZEALAND KING SALMON INVESTMENTS LIMITED|Food & Beverage & Tobacco
NCM,NEWCREST MINING LIMITED|Materials
NWF,NEWFIELD RESOURCES LIMITED|Materials
NWS,NEWS CORPORATION..|Media
NWZ,NEWZULU LIMITED|Media
NME,NEX METALS EXPLORATION LIMITED|Materials
NXT,NEXTDC LIMITED|Software & Services
NXM,NEXUS MINERALS LIMITED|Materials
NHF,NIB HOLDINGS LIMITED|Insurance
NCK,NICK SCALI LIMITED|Retailing
NIO,NICKELORE LIMITED|Materials
NDO,NIDO PETROLEUM LIMITED|Energy
NEC,NINE ENTERTAINMENT CO. HOLDINGS LIMITED|Media
NIU,NIUMINCO GROUP LIMITED|Materials
NKP,NKWE PLATINUM LIMITED|Materials
NMG,NMG CORPORATION LIMITED|Materials
NMM,NOBLE METALS LIMITED|Materials
NBL,NONI B LIMITED|Retailing
NIB,NORDIC INVESTMENT BANK|Not Applic
NTU,NORTHERN MINERALS LIMITED|Materials
NMI,NORTHERN MINING LIMITED|Materials
NST,NORTHERN STAR RESOURCES LTD|Materials
NWE,NORWEST ENERGY NL|Energy
NOR,NORWOOD SYSTEMS LIMITED|Software & Services
NOE,NOVARISE RENEWABLE RESOURCES INTERNATIONAL LIMITED|Materials
NOV,NOVATTI GROUP LIMITED|Software & Services
NHL,NOVITA HEALTHCARE LIMITED|Health Care Equipment & Services
NRT,NOVOGEN LIMITED|Pharmaceuticals & Biotechnology & Life Sciences
NOX,NOXOPHARM LIMITED|Pharmaceuticals & Biotechnology & Life Sciences
NWH,NRW HOLDINGS LIMITED|Capital Goods
NSL,NSL CONSOLIDATED LIMITED|Materials
NSX,NSX LIMITED|Diversified Financials
NTM,NTM GOLD LIMITED|Materials
NCR,NUCOAL RESOURCES LIMITED|Materials
NGY,NUENERGY GAS LIMITED|Energy
NFN,NUFARM FINANCE (NZ) LIMITED|Not Applic
NUF,NUFARM LIMITED|Materials
NUH,NUHEARA LIMITED|Technology Hardware & Equipment
NVO,NVOI LTD|Software & Services
NYO,NYOTA MINERALS LIMITED|Materials
NZM,NZME LIMITED|Media
NZC,NZURI COPPER LIMITED|Materials
OKJ,OAKAJEE CORPORATION LIMITED|Diversified Financials
OAR,OAKDALE RESOURCES LIMITED|Materials
OBJ,OBJ LIMITED|Pharmaceuticals & Biotechnology & Life Sciences
OCL,OBJECTIVE CORPORATION LIMITED|Software & Services
OGC,OCEANAGOLD CORPORATION|Materials
OCP,OCEANIA CAPITAL PARTNERS LIMITED|Diversified Financials
OCA,OCEANIA HEALTHCARE LIMITED|Class Pend
OGH,OCHRE GROUP HOLDINGS LIMITED|Materials
OXX,OCTANEX LIMITED|Energy
ODN,ODIN ENERGY LIMITED|Energy
ODY,ODYSSEY ENERGY LIMITED|Energy
OFX,OFX GROUP LIMITED|Diversified Financials
OBL,OIL BASINS LIMITED|Energy
OSH,OIL SEARCH LIMITED|Energy
OEX,OILEX LTD|Energy
OKU,OKLO RESOURCES LIMITED|Energy
OLH,OLDFIELDS HOLDINGS LIMITED|Capital Goods
OMH,OM HOLDINGS LIMITED|Materials
OMT,OMNI MARKET TIDE LTD|Software & Services
OSL,ONCOSIL MEDICAL LTD|Pharmaceuticals & Biotechnology & Life Sciences
1AL,ONEALL INTERNATIONAL LIMITED|Consumer Durables & Apparel
ONE,ONEVIEW HEALTHCARE PLC|Health Care Equipment & Services
OVH,ONEVUE HOLDINGS LIMITED|Diversified Financials
OTR,ONTERRAN LIMITED|Capital Goods
OML,OOH!MEDIA LIMITED|Media
OOK,OOKAMI LIMITED|Automobiles & Components
OPN,OPENDNA LIMITED|Commercial & Professional Services
OPT,OPTHEA LIMITED|Pharmaceuticals & Biotechnology & Life Sciences
OIL,OPTISCAN IMAGING LIMITED|Health Care Equipment & Services
OPG,OPUS GROUP LIMITED|Commercial & Professional Services
OEC,ORBITAL CORPORATION LIMITED|Automobiles & Components
OGY,ORCA ENERGY LIMITED|Energy
ORR,ORECORP LIMITED|Materials
ORH,ORH LIMITED|Capital Goods
ORI,ORICA LIMITED|Materials
OTI,ORIENTAL TECHNOLOGIES INVESTMENT LIMITED|Capital Goods
ORG,ORIGIN ENERGY LIMITED|Energy
OGX,ORINOCO GOLD LIMITED|Materials
OEQ,ORION EQUITIES LIMITED|Diversified Financials
ORN,ORION GOLD NL|Materials
OHE,ORION HEALTH GROUP LIMITED|Health Care Equipment & Services
ORM,ORION METALS LIMITED|Materials
OVL,ORO VERDE LIMITED|Materials
ORE,OROCOBRE LIMITED|Materials
ORA,ORORA LIMITED|Materials
ORL,OROTONGROUP LIMITED|Retailing
OEG,ORPHEUS ENERGY LIMITED|Energy
OCC,ORTHOCELL LIMITED|Pharmaceuticals & Biotechnology & Life Sciences
OSP,OSPREY MEDICAL INC|Health Care Equipment & Services
OLV,OTHERLEVELS HOLDINGS LIMITED|Software & Services
OEL,OTTO ENERGY LIMITED|Energy
OVN,OVENTUS MEDICAL LIMITED|Health Care Equipment & Services
OTW,OVER THE WIRE HOLDINGS LIMITED|Software & Services
OVR,OVERLAND RESOURCES LIMITED|Materials
OZL,OZ MINERALS LIMITED|Materials
OZG,OZGROWTH LIMITED|Not Applic
OZT,OZTRADE PUBLISHING GROUP LIMITED|Class Pend
PAK,PACIFIC AMERICAN COAL LIMITED|Materials
PBX,PACIFIC BAUXITE LIMITED|Materials
PAC,PACIFIC CURRENT GROUP LIMITED|Diversified Financials
PDF,PACIFIC DAIRIES LIMITED|Food & Beverage & Tobacco
PEA,PACIFIC ENERGY LIMITED|Utilities
PFM,PACIFIC MINING LIMITED|Real Estate
PSQ,PACIFIC SMILES GROUP LIMITED|Health Care Equipment & Services
PNW,PACIFIC STAR NETWORK LIMITED|Media
PMY,PACIFICO MINERALS LIMITED|Materials
PGH,PACT GROUP HOLDINGS LTD|Materials
PDN,PALADIN ENERGY LTD|Energy
PZC,PAN ASIA CORPORATION LIMITED|Energy
PPP,PAN PACIFIC PETROLEUM NL|Energy
PCL,PANCONTINENTAL OIL & GAS NL|Energy
PSY,PANORAMA SYNERGY LTD|Software & Services
PAN,PANORAMIC RESOURCES LIMITED|Materials
PGI,PANTERRA GOLD LIMITED|Materials
PNR,PANTORO LIMITED|Materials
PXU,PAPERLINX SPS TRUST|Not Applic
PPY,PAPYRUS AUSTRALIA LIMITED|Materials
PAR,PARADIGM BIOPHARMACEUTICALS LIMITED..|Pharmaceuticals & Biotechnology & Life Sciences
PGC,PARAGON CARE LIMITED|Health Care Equipment & Services
PNL,PARINGA RESOURCES LIMITED|Energy
PWN,PARKWAY MINERALS NL|Materials
PAB,PATRYS LIMITED|Pharmaceuticals & Biotechnology & Life Sciences
PEK,PEAK RESOURCES LIMITED|Materials
PKO,PEAKO LIMITED|Energy
PEX,PEEL MINING LIMITED|Materials
PPC,PEET LIMITED|Real Estate
PUN,PEGASUS METALS LIMITED|Materials
PEL,PELICAN RESOURCES LIMITED|Materials
PEN,PENINSULA ENERGY LIMITED|Energy
PSM,PENINSULA MINES LIMITED|Energy
PTL,PENTAL LIMITED|Household & Personal Products
PNN,PEPINNINI MINERALS LIMITED|Materials
PEP,PEPPER GROUP LIMITED|Diversified Financials
PIL,PEPPERMINT INNOVATION LIMITED|Software & Services
PIC,PERPETUAL EQUITY INVESTMENT COMPANY LIMITED|Not Applic
PPT,PERPETUAL LIMITED|Diversified Financials
PEC,PERPETUAL RESOURCES LIMITED|Energy
PRU,PERSEUS MINING LIMITED|Materials
PTR,PETRATHERM LTD|Utilities
PRL,PETREL ENERGY LIMITED|Energy
PSA,PETSEC ENERGY LIMITED|Energy
PNO,PHARMANET GROUP LIMITED|Pharmaceuticals & Biotechnology & Life Sciences
PAA,PHARMAUST LIMITED|Pharmaceuticals & Biotechnology & Life Sciences
PXS,PHARMAXIS LTD|Pharmaceuticals & Biotechnology & Life Sciences
PHI,PHILEO AUSTRALIA LIMITED|Real Estate
PHK,PHOSLOCK WATER SOLUTIONS LIMITED|Commercial & Professional Services
POH,PHOSPHAGENICS LIMITED|Pharmaceuticals & Biotechnology & Life Sciences
PYC,PHYLOGICA LIMITED|Pharmaceuticals & Biotechnology & Life Sciences
PLS,PILBARA MINERALS LIMITED|Materials
PGY,PILOT ENERGY LIMITED|Energy
PNI,PINNACLE INVESTMENT MANAGEMENT GROUP LIMITED|Diversified Financials
PNC,PIONEER CREDIT LIMITED|Diversified Financials
PIO,PIONEER RESOURCES LIMITED|Materials
PEG,PIXIE GROUP LIMITED|Consumer Services
PGS,PLANET GAS LIMITED|Energy
PGM,PLATINA RESOURCES LIMITED|Materials
PAI,PLATINUM ASIA INVESTMENTS LIMITED|Not Applic
PTM,PLATINUM ASSET MANAGEMENT LIMITED|Diversified Financials
PMC,PLATINUM CAPITAL LIMITED|Diversified Financials
PL8,PLATO INCOME MAXIMISER LIMITED.|Class Pend
PKA,PLUKKA LIMITED|Diversified Financials
PLH,PLYMOUTH MINERALS LIMITED|Materials
PAF,PM CAPITAL ASIAN OPPORTUNITIES FUND LIMITED|Not Applic
PGF,PM CAPITAL GLOBAL OPPORTUNITIES FUND LIMITED|Not Applic
PMP,PMP LIMITED|Commercial & Professional Services
PNX,PNX METALS LIMITED|Materials
PVE,PO VALLEY ENERGY LIMITED|Energy
3DP,POINTERRA LIMITED|Software & Services
PNV,POLYNOVO LIMITED|Pharmaceuticals & Biotechnology & Life Sciences
POS,POSEIDON NICKEL LIMITED|Materials
PVL,POWERHOUSE VENTURES LIMITED|Commercial & Professional Services
POZ,POZ MINERALS LIMITED|Materials
PPK,PPK GROUP LIMITED|Capital Goods
PPS,PRAEMIUM LIMITED|Software & Services
PDZ,PRAIRIE MINING LIMITED|Materials
PBT,PRANA BIOTECHNOLOGY LIMITED|Pharmaceuticals & Biotechnology & Life Sciences
PDI,PREDICTIVE DISCOVERY LIMITED|Materials
PMV,PREMIER INVESTMENTS LIMITED|Retailing
PEZ,PREMIERE EASTERN ENERGY LIMITED|Energy
PTX,PRESCIENT THERAPEUTICS LIMITED|Pharmaceuticals & Biotechnology & Life Sciences
PRR,PRIMA BIOMED LTD|Pharmaceuticals & Biotechnology & Life Sciences
PGO,PRIMARY GOLD LIMITED|Materials
PRY,PRIMARY HEALTH CARE LIMITED|Health Care Equipment & Services
POP,PRIMARY OPINION LIMITED|Software & Services
PFG,PRIME FINANCIAL GROUP LIMITED|Diversified Financials
PRT,PRIME MEDIA GROUP LIMITED|Media
PME,PRO MEDICUS LIMITED|Health Care Equipment & Services
PPG,PRO-PAC PACKAGING LIMITED|Materials
PBP,PROBIOTEC LIMITED|Pharmaceuticals & Biotechnology & Life Sciences
PRG,PROGRAMMED MAINTENANCE SERVICES LIMITED|Commercial & Professional Services
POB,PROGRESS 2010-1 TRUST|Not Applic
PCH,PROPERTY CONNECT HOLDINGS LIMITED|Software & Services
PLG,PROPERTYLINK GROUP|Real Estate
PRO,PROPHECY INTERNATIONAL HOLDINGS LIMITED|Software & Services
PSC,PROSPECT RESOURCES LIMITED|Materials
PSP,PROSPERITY RESOURCES LIMITED|Materials
POW,PROTEAN ENERGY LIMITED|Capital Goods
PIQ,PROTEOMICS INTERNATIONAL LABORATORIES LTD|Pharmaceuticals & Biotechnology & Life Sciences
PON,PROVINCE OF ONTARIO|Not Applic
PSZ,PS&C LIMITED|Commercial & Professional Services
PSI,PSC INSURANCE GROUP LIMITED|Insurance
PVA,PSIVIDA CORP.|Pharmaceuticals & Biotechnology & Life Sciences
PTB,PTB GROUP LIMITED|Capital Goods
PHA,PUBLIC HOLDINGS (AUSTRALIA) LIMITED|Diversified Financials
PHG,PULSE HEALTH LIMITED|Health Care Equipment & Services
PUB,PUMA MASTERFUND P-16|Not Applic
PUG,PUMA MASTERFUND S-8|Not Applic
PUJ,PUMA SERIES 2013-1|Not Applic
PUK,PUMA SERIES 2014-1|Not Applic
PUO,PUMA SERIES 2014-2|Not Applic
PUQ,PUMA SERIES 2014-4P|Not Applic
PUU,PUMA SERIES 2015-1|Not Applic
PUV,PUMA SERIES 2015-3|Not Applic
PVD,PURA VIDA ENERGY NL|Energy
PPL,PUREPROFILE LTD|Software & Services
PPH,PUSHPAY HOLDINGS LIMITED|Software & Services
PWH,PWR HOLDINGS LIMITED|Automobiles & Components
QTG,Q TECHNOLOGY GROUP LIMITED|Technology Hardware & Equipment
QAN,QANTAS AIRWAYS LIMITED|Transportation
QIP,QANTM INTELLECTUAL PROPERTY LIMITED|Commercial & Professional Services
QBE,QBE INSURANCE GROUP LIMITED|Insurance
QMS,QMS MEDIA LIMITED|Media
QRX,QRXPHARMA LTD|Pharmaceuticals & Biotechnology & Life Sciences
QFY,QUANTIFY TECHNOLOGY HOLDINGS LIMITED|Energy
QTM,QUANTUM ENERGY LIMITED.|Consumer Durables & Apparel
QUR,QUANTUM RESOURCES LIMITED|Materials
QUB,QUBE HOLDINGS LIMITED|Transportation
QBC,QUEBEC|Not Applic
QBL,QUEENSLAND BAUXITE LIMITED|Materials
QMN,QUEENSLAND MINING CORPORATION LIMITED|Materials
XQL,QUEENSLAND TREASURY CORPORATION|Not Applic
QST,QUEST INVESTMENTS LIMITED|Diversified Financials
QNL,QUEST MINERALS LIMITED|Materials
QUE,QUESTE COMMUNICATIONS LIMITED|Telecommunication Services
QSS,QUESTUS LIMITED|Diversified Financials
QHL,QUICKSTEP HOLDINGS LIMITED|Capital Goods
QIN,QUINTIS LTD|Materials
QVE,QV EQUITIES LIMITED|Not Applic
R3D,R3D GLOBAL LIMITED|Capital Goods
RAC,RACE ONCOLOGY LTD|Pharmaceuticals & Biotechnology & Life Sciences
RAF,RAFFLES CAPITAL LIMITED|Diversified Financials
RMR,RAM RESOURCES LIMITED|Materials
RMS,RAMELIUS RESOURCES LIMITED|Materials
RMM,RAMS MORTGAGE SECURITIES TRUST SERIES 2006-1|Not Applic
RMB,RAMS MORTGAGE SECURITIES TRUST SERIES 2007-1HE|Not Applic
RMH,RAMS MORTGAGE SECURITIES TRUST SERIES 2007-2H|Not Applic
RHC,RAMSAY HEALTH CARE LIMITED|Health Care Equipment & Services
RND,RAND MINING LIMITED|Materials
RAN,RANGE INTERNATIONAL LIMITED|Materials
RRS,RANGE RESOURCES LIMITED|Energy
RPG,RAPTIS GROUP LIMITED|Real Estate
RPL,RAPTOR RESOURCES LIMITED|Class Pend
RAW,RAWSON OIL AND GAS LTD|Energy
RBR,RBR GROUP LIMITED|Materials
RCG,RCG CORPORATION LIMITED|Retailing
RCR,RCR TOMLINSON LIMITED|Capital Goods
REA,REA GROUP LTD|Media
RLE,REAL ENERGY CORPORATION LIMITED|Energy
REV,REAL ESTATE INVESTAR GROUP LIMITED|Software & Services
RRP,REALM RESOURCES LIMITED|Materials
RCE,RECCE LIMITED|Pharmaceuticals & Biotechnology & Life Sciences
RKN,RECKON LIMITED|Software & Services
RFT,RECTIFIER TECHNOLOGIES LTD|Capital Goods
RED,RED 5 LIMITED|Materials
RMP,RED EMPEROR RESOURCES NL|Energy
RHI,RED HILL IRON LIMITED|Materials
RDM,RED METAL LIMITED|Materials
RMX,RED MOUNTAIN MINING LIMITED|Materials
RVR,RED RIVER RESOURCES LIMITED|Materials
ROG,RED SKY ENERGY LIMITED.|Energy
RCP,REDBANK COPPER LIMITED|Materials
RBL,REDBUBBLE LIMITED|Software & Services
RDF,REDFLEX HOLDINGS LIMITED|Technology Hardware & Equipment
RFX,REDFLOW LIMITED|Capital Goods
RDH,REDHILL EDUCATION LIMITED|Consumer Services
RDS,REDSTONE RESOURCES LIMITED|Materials
REH,REECE LIMITED|Capital Goods
RLC,REEDY LAGOON CORPORATION LIMITED|Materials
RCT,REEF CASINO TRUST|Consumer Services
RFN,REFFIND LIMITED|Software & Services
RGP,REFRESH GROUP LIMITED|Food & Beverage & Tobacco
RGS,REGENEUS LTD|Pharmaceuticals & Biotechnology & Life Sciences
REX,REGIONAL EXPRESS HOLDINGS LIMITED|Transportation
REG,REGIS HEALTHCARE LIMITED|Health Care Equipment & Services
RRL,REGIS RESOURCES LIMITED|Materials
RWC,RELIANCE WORLDWIDE CORPORATION LIMITED|Capital Goods
RNU,RENASCOR RESOURCES LIMITED|Energy
RNT,RENT.COM.AU LIMITED|Software & Services
RNE,RENU ENERGY LIMITED|Utilities
RHS,REPRODUCTIVE HEALTH SCIENCE LIMITED|Pharmaceuticals & Biotechnology & Life Sciences
RAP,RESAPP HEALTH LIMITED|Health Care Equipment & Services
RMD,RESMED INC|Health Care Equipment & Services
RSG,RESOLUTE MINING LIMITED|Materials
RHT,RESONANCE HEALTH LIMITED|Health Care Equipment & Services
RBX,RESOURCE BASE LIMITED|Materials
RDG,RESOURCE DEVELOPMENT GROUP LIMITED|Materials
RES,RESOURCE GENERATION LIMITED|Energy
RMI,RESOURCE MINING CORPORATION LIMITED|Materials
REZ,RESOURCES & ENERGY GROUP LIMITED|Materials
RSH,RESPIRI LIMITED|Health Care Equipment & Services
RFG,RETAIL FOOD GROUP LIMITED|Consumer Services
CO LIMITED,RETECH TECHNOLOGY.|RTE
INC,REVA MEDICAL|RVA
REF,REVERSE CORP LIMITED|Telecommunication Services
RWD,REWARD MINERALS LTD|Materials
RXH,REWARDLE HOLDINGS LIMITED|Software & Services
RXM,REX MINERALS LIMITED|Materials
REY,REY RESOURCES LIMITED|Energy
RNO,RHINOMED LIMITED|Pharmaceuticals & Biotechnology & Life Sciences
RHP,RHIPE LIMITED|Software & Services
RIC,RIDLEY CORPORATION LIMITED|Food & Beverage & Tobacco
RIE,RIEDEL RESOURCES LIMITED|Materials
RVY,RIFT VALLEY RESOURCES LIMITED.|Materials
RIM,RIMFIRE PACIFIC MINING NL|Materials
RIO,RIO TINTO LIMITED|Materials
RNL,RISION LIMITED|Software & Services
RIR,RIVA RESOURCES LIMITED|Materials
RMT,RMA ENERGY LIMITED|Materials
RMG,RMG LIMITED|Materials
RNI,RNI NL.|Materials
RNY,RNY PROPERTY TRUST|Real Estate
RBO,ROBO 3D LIMITED|Capital Goods
RGI,ROTO-GRO INTERNATIONAL LIMITED|Capital Goods
RXL,ROX RESOURCES LIMITED|Materials
RWH,ROYAL WOLF HOLDINGS LIMITED|Commercial & Professional Services
RCO,ROYALCO RESOURCES LIMITED|Materials
RUL,RPMGLOBAL HOLDINGS LIMITED|Software & Services
RTG,RTG MINING INC.|Materials
RUB,RUBICOR GROUP LIMITED|Commercial & Professional Services
RFL,RUBIK FINANCIAL LIMITED|Software & Services
RTR,RUMBLE RESOURCES LIMITED|Materials
RFF,RURAL FUNDS GROUP|Real Estate
RHL,RURALCO HOLDINGS LIMITED|Retailing
RXP,RXP SERVICES LIMITED|Software & Services
RYD,RYDER CAPITAL LIMITED|Not Applic
S2R,S2 RESOURCES LTD|Materials
SBR,SABRE RESOURCES LIMITED|Materials
SGC,SACGASCO LIMITED|Energy
SRH,SAFEROADS HOLDINGS LIMITED|Capital Goods
SAN,SAGALIO ENERGY LIMITED|Materials
SLM,SALMAT LIMITED|Commercial & Professional Services
SO4,SALT LAKE POTASH LIMITED|Materials
SSN,SAMSON OIL & GAS LIMITED|Energy
SFR,SANDFIRE RESOURCES NL|Materials
SNC,SANDON CAPITAL INVESTMENTS LIMITED|Not Applic
SMI,SANTANA MINERALS LIMITED|Materials
STO,SANTOS LIMITED|Energy
SAR,SARACEN MINERAL HOLDINGS LIMITED|Materials
SND,SAUNDERS INTERNATIONAL LIMITED|Capital Goods
SYA,SAYONA MINING LIMITED|Materials
SCG,SCENTRE GROUP|Real Estate
SCW,SCENTRE GROUP TRUST 1|Real Estate
SCA,SCENTRE GROUP TRUST 1 AND SCENTRE GROUP TRUST 2|Not Applic
SFC,SCHAFFER CORPORATION LIMITED|Automobiles & Components
SDV,SCIDEV LTD|Materials
SIE,SCIGEN LIMITED|Pharmaceuticals & Biotechnology & Life Sciences
SCO,SCOTTISH PACIFIC GROUP LIMITED|Diversified Financials
SCT,SCOUT SECURITY LIMITED|Class Pend
SDI,SDI LIMITED|Health Care Equipment & Services
SFG,SEAFARMS GROUP LIMITED|Food & Beverage & Tobacco
SLK,SEALINK TRAVEL GROUP LIMITED|Consumer Services
SP1,SEARCH PARTY GROUP LTD|Software & Services
SES,SECOS GROUP LTD|Materials
S2G,SECURE2GO GROUP LIMITED|Class Pend
SAC,SECURITISED AUSTRALIAN MORTGAGE TRUST 2011-1|Not Applic
SEK,SEEK LIMITED|Commercial & Professional Services
SEG,SEGUE RESOURCES LIMITED|Materials
SHV,SELECT HARVESTS LIMITED|Food & Beverage & Tobacco
SEN,SENETAS CORPORATION LIMITED|Technology Hardware & Equipment
SXY,SENEX ENERGY LIMITED|Energy
SE1,SENSERA LIMITED|Semiconductors & Semiconductor Equipment
SEQ,SEQUOIA FINANCIAL GROUP LTD|Diversified Financials
HTV,SERIES 2007-1 HARVEY TRUST|Not Applic
REQ,SERIES 2007-2 REDS TRUST|Not Applic
WSC,SERIES 2009-1 WST TRUST|Not Applic
REK,SERIES 2010-1 REDS TRUST|Not Applic
RDA,SERIES 2010-2 REDS TRUST|Not Applic
WSH,SERIES 2011-1 WST TRUST|Not Applic
WSJ,SERIES 2011-2 WST TRUST|Not Applic
WSN,SERIES 2011-3 WST TRUST|Not Applic
WSO,SERIES 2012-1 WST TRUST|Not Applic
RFB,SERIES 2012-1E REDS TRUST|Not Applic
HTB,SERIES 2013-1 HARVEY TRUST|Not Applic
WSQ,SERIES 2013-1 WST TRUST|Not Applic
WSD,SERIES 2013-2 WST TRUST|Not Applic
WSZ,SERIES 2014-1 WST TRUST|Not Applic
WEK,SERIES 2014-2 WST TRUST|Not Applic
WEJ,SERIES 2015-1 WST TRUST|Not Applic
SRV,SERVCORP LIMITED|Real Estate
SSM,SERVICE STREAM LIMITED|Capital Goods
SVT,SERVTECH GLOBAL HOLDINGS LTD|Software & Services
SVW,SEVEN GROUP HOLDINGS LIMITED|Capital Goods
SWM,SEVEN WEST MEDIA LIMITED|Media
SWL,SEYMOUR WHYTE LIMITED|Capital Goods
SGF,SG FLEET GROUP LIMITED|Commercial & Professional Services
SRO,SHAREROOT LTD|Software & Services
SM8,SHARK MITIGATION SYSTEMS LIMITED|Technology Hardware & Equipment
SSG,SHAVER SHOP GROUP LIMITED|Retailing
SRR,SHAW RIVER MANGANESE LIMITED|Materials
SFX,SHEFFIELD RESOURCES LIMITED|Materials
SHU,SHENHUA INTERNATIONAL LIMITED|Consumer Durables & Apparel
SHJ,SHINE CORPORATE LTD|Consumer Services
SCP,SHOPPING CENTRES AUSTRALASIA PROPERTY GROUP|Real Estate
SHH,SHREE MINERALS LIMITED|Materials
SHM,SHRIRO HOLDINGS LIMITED|Consumer Durables & Apparel
SBU,SIBURAN RESOURCES LIMITED|Materials
SSL,SIETEL LIMITED|Real Estate
SIP,SIGMA PHARMACEUTICALS LIMITED|Health Care Equipment & Services
SIH,SIHAYO GOLD LIMITED|Materials
SLX,SILEX SYSTEMS LIMITED|Semiconductors & Semiconductor Equipment
SIV,SILVER CHEF LIMITED|Capital Goods
SCI,SILVER CITY MINERALS LIMITED|Materials
SVH,SILVER HERITAGE GROUP LIMITED|Consumer Services
SLR,SILVER LAKE RESOURCES LIMITED|Materials
SVL,SILVER MINES LIMITED|Materials
SVA,SIMAVITA LIMITED|Health Care Equipment & Services
SIO,SIMONDS GROUP LIMITED|Consumer Durables & Apparel
SGM,SIMS METAL MANAGEMENT LIMITED|Materials
SEH,SINO GAS & ENERGY HOLDINGS LIMITED|Energy
SNV,SINOVUS MINING LIMITED|Materials
SRI,SIPA RESOURCES LIMITED|Materials
SRX,SIRTEX MEDICAL LIMITED|Pharmaceuticals & Biotechnology & Life Sciences
SIT,SITE GROUP INTERNATIONAL LIMITED|Consumer Services
SAM,SIV ASSET MANAGEMENT LIMITED|Diversified Financials
SKN,SKIN ELEMENTS LIMITED|Household & Personal Products
SAS,SKY AND SPACE GLOBAL LTD|Telecommunication Services
SKT,SKY NETWORK TELEVISION LIMITED.|Media
SKC,SKYCITY ENTERTAINMENT GROUP LIMITED|Consumer Services
SKB,SKYDIVE THE BEACH GROUP LIMITED|Consumer Services
SKF,SKYFII LTD|Software & Services
SKP,SKYLAND PETROLEUM GROUP LIMITED|Energy
SGH,SLATER & GORDON LIMITED|Consumer Services
SAB,SMART ABS SERIES 2014-2E TRUST|Not Applic
SSE,SMART ABS SERIES 2014-4 TRUST|Not Applic
SMT,SMART ABS SERIES 2015-2 TRUST|Not Applic
SXB,SMART ABS SERIES 2015-4E TRUST|Not Applic
SS6,SMART ABS SERIES 2016-1 TRUST|Not Applic
SAZ,SMART ABS SERIES 2016-3 TRUST|Not Applic
SPZ,SMART PARKING LIMITED|Technology Hardware & Equipment
SIQ,SMARTGROUP CORPORATION LTD|Commercial & Professional Services
SMP,SMARTPAY HOLDINGS LIMITED|Telecommunication Services
SMA,SMARTTRANS HOLDINGS LTD|Software & Services
SOP,SML CORPORATION LIMITED|Materials
SMX,SMS MANAGEMENT & TECHNOLOGY LIMITED.|Software & Services
SOM,SOMNOMED LIMITED|Health Care Equipment & Services
SHL,SONIC HEALTHCARE LIMITED|Health Care Equipment & Services
SMG,SOON MINING LIMITED|Materials
SAY,SOUTH AMERICAN IRON & STEEL CORPORATION LIMITED|Materials
SXI,SOUTH EAST ASIA RESOURCES LIMITED|Materials
SPB,SOUTH PACIFIC RESOURCES LIMITED|Energy
S32,SOUTH32 LIMITED|Materials
SXE,SOUTHERN CROSS ELECTRICAL ENGINEERING LTD|Capital Goods
SXX,SOUTHERN CROSS EXPLORATION N.L.|Materials
SXL,SOUTHERN CROSS MEDIA GROUP LIMITED|Media
SAU,SOUTHERN GOLD LIMITED|Materials
SUH,SOUTHERN HEMISPHERE MINING LIMITED|Materials
SVM,SOVEREIGN METALS LIMITED|Materials
SKI,SPARK INFRASTRUCTURE GROUP|Utilities
SPK,SPARK NEW ZEALAND LIMITED|Telecommunication Services
STW,SPDR S&P/ASX 200 FUND|Not Applic
SLF,SPDR S&P/ASX 200 LISTED PROPERTY FUND|Not Applic
SFY,SPDR S&P/ASX 50 FUND|Not Applic
SFH,SPECIALTY FASHION GROUP LIMITED|Retailing
SPX,SPECTRUM RARE EARTHS LIMITED|Materials
SDA,SPEEDCAST INTERNATIONAL LIMITED|Telecommunication Services
SRS,SPICERS LIMITED|Capital Goods
ST1,SPIRIT TELECOM LIMITED|Telecommunication Services
SPI,SPITFIRE MATERIALS LTD|Materials
SFI,SPOOKFISH LIMITED|Software & Services
SHO,SPORTSHERO LIMITED|Software & Services
SPO,SPOTLESS GROUP HOLDINGS LIMITED|Commercial & Professional Services
SFL,SPRING FG LIMITED|Diversified Financials
SIX,SPRINTEX LIMITED|Automobiles & Components
SRG,SRG LIMITED.|Capital Goods
SBM,ST BARBARA LIMITED|Materials
SGQ,ST GEORGE MINING LIMITED|Materials
SMR,STANMORE COAL LIMITED|Energy
STL,STARGROUP LIMITED|Technology Hardware & Equipment
SPL,STARPHARMA HOLDINGS LIMITED|Pharmaceuticals & Biotechnology & Life Sciences
SVY,STAVELY MINERALS LIMITED|Materials
SDF,STEADFAST GROUP LIMITED|Insurance
SST,STEAMSHIPS TRADING COMPANY LIMITED|Capital Goods
SRZ,STELLAR RESOURCES LIMITED|Materials
SCU,STEMCELL UNITED LIMITED|Pharmaceuticals & Biotechnology & Life Sciences
SBI,STERLING PLANTATIONS LIMITED|Food & Beverage & Tobacco
SGP,STOCKLAND|Real Estate
SKS,STOKES LIMITED|Capital Goods
SHK,STONE RESOURCES AUSTRALIA LIMITED|Materials
SWJ,STONEWALL RESOURCES LIMITED|Materials
SRY,STORY-I LIMITED|Retailing
STA,STRANDLINE RESOURCES LIMITED|Materials
SXA,STRATA-X ENERGY LIMITED|Energy
SOR,STRATEGIC ELEMENTS LIMITED|Diversified Financials
SER,STRATEGIC ENERGY RESOURCES LIMITED|Materials
SMC,STRATEGIC MINERALS CORPORATION NL|Materials
SGO,STREAM GROUP LIMITED|Software & Services
STX,STRIKE ENERGY LIMITED|Energy
SRK,STRIKE RESOURCES LIMITED|Materials
SMN,STRUCTURAL MONITORING SYSTEMS PLC|Technology Hardware & Equipment
SZG,SUBZERO GROUP LIMITED|Capital Goods
SGU,SUCCESS GLOBAL MEDIA LIMITED|Consumer Services
SUD,SUDA LTD|Pharmaceuticals & Biotechnology & Life Sciences
SDC,SUGAR DRAGON LIMITED|Class Pend
SUM,SUMATRA COPPER & GOLD PLC|Materials
SNZ,SUMMERSET GROUP HOLDINGS LIMITED|Health Care Equipment & Services
SMM,SUMMIT RESOURCES LIMITED|Energy
SUR,SUN RESOURCES NL|Energy
SBB,SUNBRIDGE GROUP LIMITED|Retailing
SUN,SUNCORP GROUP LIMITED|Insurance
SBK,SUNCORP-METWAY LIMITED .|Insurance
SEA,SUNDANCE ENERGY AUSTRALIA LIMITED|Energy
SDL,SUNDANCE RESOURCES LIMITED|Materials
SDG,SUNLAND GROUP LIMITED|Real Estate
SVS,SUNVEST CORPORATION LIMITED|Not Applic
SUL,SUPER RETAIL GROUP LIMITED|Retailing
SPQ,SUPERIOR RESOURCES LIMITED|Materials
SLC,SUPERLOOP LIMITED|Telecommunication Services
SNL,SUPPLY NETWORK LIMITED|Retailing
SRN,SUREFIRE RESOURCES NL|Materials
SRF,SURFSTITCH GROUP LIMITED|Retailing
SWE,SWALA ENERGY LIMITED|Energy
SWK,SWICK MINING SERVICES LTD|Materials
SW1,SWIFT NETWORKS GROUP LIMITED|Technology Hardware & Equipment
SYD,SYDNEY AIRPORT|Transportation
SMD,SYNDICATED METALS LIMITED|Materials
SYS,SYNGAS LIMITED|Energy
SM1,SYNLAIT MILK LIMITED|Food & Beverage & Tobacco
SYT,SYNTONIC LIMITED|Software & Services
SYR,SYRAH RESOURCES LIMITED|Materials
TAH,TABCORP HOLDINGS LIMITED|Consumer Services
TAG,TAG PACIFIC LIMITED|Diversified Financials
TKO,TAKOR GROUP LTD|Class Pend
TKG,TAKORADI LIMITED|Materials
TLG,TALGA RESOURCES LTD|Materials
TLM,TALISMAN MINING LIMITED|Materials
TPD,TALON PETROLEUM LIMITED|Energy
TMK,TAMASKA OIL AND GAS LTD|Energy
TWD,TAMAWOOD LIMITED|Consumer Durables & Apparel
TAM,TANAMI GOLD NL|Materials
TRL,TANGA RESOURCES LIMITED|Materials
TAP,TAP OIL LIMITED|Energy
TEX,TARGET ENERGY LIMITED|Energy
TAR,TARUGA GOLD LIMITED|Materials
TFL,TASFOODS LIMITED|Food & Beverage & Tobacco
TAS,TASMAN RESOURCES LTD|Materials
TMM,TASMANIA MINES LIMITED|Materials
TGR,TASSAL GROUP LIMITED|Food & Beverage & Tobacco
TTS,TATTS GROUP LIMITED|Consumer Services
TAW,TAWANA RESOURCES NL|Materials
TDL,TBG DIAGNOSTICS LIMITED|Pharmaceuticals & Biotechnology & Life Sciences
TMP,TECH MPIRE LIMITED|Media
TCN,TECHNICHE LIMITED.|Diversified Financials
TMT,TECHNOLOGY METALS AUSTRALIA LIMITED|Materials
TNE,TECHNOLOGY ONE LIMITED|Software & Services
TGH,TEGEL GROUP HOLDINGS LIMITED|Food & Beverage & Tobacco
TLS,TELSTRA CORPORATION LIMITED.|Telecommunication Services
TPW,TEMPLE & WEBSTER GROUP LTD|Retailing
TGG,TEMPLETON GLOBAL GROWTH FUND LIMITED|Diversified Financials
TPP,TEMPO AUSTRALIA LTD|Commercial & Professional Services
TEN,TEN NETWORK HOLDINGS LIMITED|Media
TGZ,TERANGA GOLD CORPORATION|Materials
TER,TERRACOM LIMITED|Energy
TMX,TERRAIN MINERALS LIMITED|Materials
TZN,TERRAMIN AUSTRALIA LIMITED.|Materials
TNT,TESSERENT LIMITED|Software & Services
TES,TEST SECURITY|Class Pend
A2M,THE A2 MILK COMPANY LIMITED|Food & Beverage & Tobacco
CGL,THE CITADEL GROUP LIMITED|Software & Services
FOD,THE FOOD REVOLUTION GROUP LIMITED|Food & Beverage & Tobacco
GGL,THE GRUDEN GROUP LTD|Software & Services
THC,THE HYDROPONICS COMPANY LIMITED|Class Pend
PGR,THE PAS GROUP LIMITED|Retailing
TRS,THE REJECT SHOP LIMITED|Retailing
SGR,THE STAR ENTERTAINMENT GROUP LIMITED|Consumer Services
TNK,THINK CHILDCARE LIMITED|Consumer Services
TMZ,THOMSON RESOURCES LIMITED|Materials
THR,THOR MINING PLC|Materials
TGA,THORN GROUP LIMITED|Retailing
TOP,THORNEY OPPORTUNITIES LTD|Not Applic
TEK,THORNEY TECHNOLOGIES LTD|Energy
TPS,THREAT PROTECT AUSTRALIA LIMITED|Energy
THD,THRED LIMITED|Software & Services
THX,THUNDELARRA LIMITED|Materials
TIA,TIAN AN AUSTRALIA LIMITED|Real Estate
TPO,TIAN POH RESOURCES LIMITED|Materials
TB8,TIANMEI BEVERAGE GROUP CORPORATION LIMITED|Food & Beverage & Tobacco
TGS,TIGER RESOURCES LIMITED|Materials
TIG,TIGERS REALM COAL LIMITED|Materials
TKF,TIKFORCE LIMITED|Software & Services
TLT,TILT RENEWABLES LIMITED.|Utilities
TML,TIMAH RESOURCES LIMITED|Utilities
TNY,TINYBEANS GROUP PTY LTD|Software & Services
TSL,TITANIUM SANDS LIMITED|Materials
TOU,TLOU ENERGY LIMITED|Energy
TNG,TNG LIMITED|Materials
TRT,TODD RIVER RESOURCES LIMITED|Materials
TOM,TOMIZONE LIMITED|Software & Services
TND,TOP END MINERALS LIMITED|Materials
TBH,TOPBETTA HOLDINGS LIMITED|Consumer Services
TTW,TOPTUNG LTD|Materials
TNR,TORIAN RESOURCES LIMITED|Materials
TOE,TORO ENERGY LIMITED|Energy
TRB,TORRENS 2009-3 TRUST|Not Applic
TRP,TORRENS SERIES 2010-1 TRUST|Not Applic
TRK,TORRENS SERIES 2010-2 TRUST|Not Applic
TOA,TORRENS SERIES 2010-3 TRUST|Not Applic
TNB,TORRENS SERIES 2013-1 TRUST|Not Applic
TNF,TORRENS SERIES 2013-2 TRUST|Not Applic
TNH,TORRENS SERIES 2014-1 TRUST|Not Applic
TOZ,TORRENS SERIES 2014-2 TRUST|Not Applic
TNJ,TORRENS SERIES 2015-1 TRUST|Not Applic
TTZ,TORRENS SERIES 2016-1 TRUST|Not Applic
TFG,TOTAL FACE GROUP LIMITED|Consumer Services
TCH,TOUCHCORP LIMITED|Software & Services
TWR,TOWER LIMITED|Insurance
TOX,TOX FREE SOLUTIONS LIMITED|Commercial & Professional Services
TPC,TPC CONSOLIDATED LIMITED|Telecommunication Services
TPM,TPG TELECOM LIMITED|Telecommunication Services
TPE,TPI ENTERPRISES LIMITED|Pharmaceuticals & Biotechnology & Life Sciences
TME,TRADE ME GROUP LIMITED|Retailing
TTC,TRADITIONAL THERAPY CLINICS LIMITED|Health Care Equipment & Services
TTI,TRAFFIC TECHNOLOGIES LTD.|Transportation
TKL,TRAKA RESOURCES LIMITED|Materials
TSN,TRANSACTION SOLUTIONS INTERNATIONAL LIMITED|Software & Services
TTL,TRANSCENDENCE TECHNOLOGIES LIMITED|Diversified Financials
TSV,TRANSERV ENERGY LIMITED|Energy
TCO,TRANSMETRO CORPORATION LIMITED|Consumer Services
TCL,TRANSURBAN GROUP|Transportation
TMI,TRAPROCK MINING LIMITED|Class Pend
XVG,TREASURY CORPORATION OF VICTORIA|Not Applic
TWE,TREASURY WINE ESTATES LIMITED|Food & Beverage & Tobacco
TKM,TREK METALS LIMITED|Materials
TEG,TRIANGLE ENERGY (GLOBAL) LIMITED|Energy
TBR,TRIBUNE RESOURCES LIMITED|Materials
TIL,TRILOGY INTERNATIONAL LIMITED|Household & Personal Products
TNP,TRIPLE ENERGY LIMITED|Energy
TON,TRITON MINERALS LTD|Materials
TRY,TROY RESOURCES LIMITED|Materials
TRM,TRUSCOTT MINING CORPORATION LIMITED|Materials
TAU,TRUSTEES AUSTRALIA LIMITED|Consumer Services
TTA,TTA HOLDINGS LIMITED|Retailing
TUP,TTG FINTECH LIMITED|Software & Services
TGN,TUNGSTEN MINING NL|Materials
TRA,TURNERS LIMITED|Class Pend
TV2,TV2U INTERNATIONAL LIMITED|Software & Services
TYK,TYCHEAN RESOURCES LTD|Materials
TYX,TYRANNA RESOURCES LIMITED|Materials
TZL,TZ LIMITED|Technology Hardware & Equipment
UCW,UCW LIMITED|Consumer Services
UIL,UIL ENERGY LTD|Energy
UUL,ULTIMA UNITED LIMITED|Real Estate
UTR,ULTRACHARGE LIMITED|Capital Goods
UNS,UNILIFE CORPORATION|Health Care Equipment & Services
UNL,UNITED NETWORKS LIMITED|Telecommunication Services
UOS,UNITED OVERSEAS AUSTRALIA LIMITED|Real Estate
UBI,UNIVERSAL BIOSENSORS INC.|Health Care Equipment & Services
UNV,UNIVERSAL COAL PLC|Energy
UPD,UPDATER INC|Software & Services
UEQ,URANIUM EQUITIES LIMITED|Energy
URI,URANIUM RESOURCES INC|Energy
USA,URANIUMSA LIMITED|Energy
URB,URB INVESTMENTS LIMITED|Not Applic
UBN,URBANISE.COM LIMITED|Software & Services
URF,US MASTERS RESIDENTIAL PROPERTY FUND|Real Estate
USR,US RESIDENTIAL FUND|Not Applic
USF,US SELECT PRIVATE OPPORTUNITIES FUND|Not Applic
USG,US SELECT PRIVATE OPPORTUNITIES FUND II|Not Applic
USP,US SELECT PRIVATE OPPORTUNITIES FUND III|Not Applic
UCM,USCOM LIMITED|Health Care Equipment & Services
UUV,UUV AQUABOTIX LTD|Class Pend
VXL,VALENCE INDUSTRIES LIMITED|Materials
VMX,VALMEC LIMITED|Energy
VAL,VALOR RESOURCES LIMITED|Materials
VAN,VANGO MINING LIMITED|Materials
VAR,VARISCAN MINES LIMITED|Materials
VLT,VAULT INTELLIGENCE LIMITED|Materials
VMG,VDM GROUP LIMITED|Capital Goods
VEL,VEALLS LIMITED|Diversified Financials
VEC,VECTOR RESOURCES LIMITED|Materials
VBS,VECTUS BIOSYSTEMS LIMITED|Pharmaceuticals & Biotechnology & Life Sciences
VEE,VEEM LTD|Capital Goods
VP7,VELOCITY PROPERTY GROUP LIMITED|Real Estate
VPC,VELPIC LIMITED|Software & Services
VRX,VENTNOR RESOURCES LTD|Materials
VMS,VENTURE MINERALS LIMITED|Materials
VXR,VENTUREX RESOURCES LIMITED|Materials
VMC,VENUS METALS CORPORATION LIMITED|Materials
VRM,VERDANT MINERALS LTD|Materials
VRI,VERILUMA LIMITED|Software & Services
VRS,VERIS LIMITED|Commercial & Professional Services
VIA,VIAGOLD CAPITAL LIMITED|Consumer Services
VCX,VICINITY CENTRES|Real Estate
VCD,VICINITY CENTRES TRUST|Not Applic
VIG,VICTOR GROUP HOLDINGS LIMITED|Media
VIC,VICTORY MINES LIMITED|Materials
VIE,VIENTO GROUP LIMITED|Capital Goods
VII,VIETNAM INDUSTRIAL INVESTMENTS LIMITED|Materials
VKA,VIKING MINES LIMITED|Materials
VLW,VILLA WORLD LIMITED.|Real Estate
VRL,VILLAGE ROADSHOW LIMITED|Media
VMY,VIMY RESOURCES LIMITED|Energy
VLA,VIRALYTICS LIMITED|Pharmaceuticals & Biotechnology & Life Sciences
VAH,VIRGIN AUSTRALIA HOLDINGS LIMITED|Transportation
VRT,VIRTUS HEALTH LIMITED|Health Care Equipment & Services
INC.,VISIONEERING TECHNOLOGIES|VTI
VGL,VISTA GROUP INTERNATIONAL LIMITED.|Software & Services
VTG,VITA GROUP LIMITED|Retailing
VSC,VITA LIFE SCIENCES LIMITED.|Pharmaceuticals & Biotechnology & Life Sciences
VML,VITAL METALS LIMITED|Materials
VVR,VIVA ENERGY REIT|Real Estate
VIV,VIVID TECHNOLOGY LIMITED|Capital Goods
VMT,VMOTO LIMITED|Automobiles & Components
VOC,VOCUS GROUP LIMITED|Telecommunication Services
VHT,VOLPARA HEALTH TECHNOLOGIES LIMITED|Health Care Equipment & Services
VRC,VOLT RESOURCES LIMITED|Materials
VIP,VOLTAGE IP LIMITED|Software & Services
WAK,WAKENBY LIMITED|Commercial & Professional Services
WKT,WALKABOUT RESOURCES LTD|Materials
WAA,WAM ACTIVE LIMITED|Diversified Financials
WAM,WAM CAPITAL LIMITED|Diversified Financials
WLE,WAM LEADERS LIMITED|Not Applic
WAX,WAM RESEARCH LIMITED|Diversified Financials
WGL,WANGLE TECHNOLOGIES LIMITED|Software & Services
WGO,WARATAH RESOURCES LIMITED|Materials
SOL,WASHINGTON H SOUL PATTINSON & COMPANY LIMITED|Energy
WRG,WATER RESOURCES GROUP LIMITED|Utilities
WAT,WATERCO LIMITED|Consumer Durables & Apparel
WGF,WATERMARK GLOBAL LEADERS FUND LIMITED|Not Applic
WMK,WATERMARK MARKET NEUTRAL FUND LIMITED|Not Applic
WTP,WATPAC LIMITED|Capital Goods
WHA,WATTLE HEALTH AUSTRALIA LIMITED|Food & Beverage & Tobacco
WAL,WAVENET INTERNATIONAL LIMITED|Materials
WCP,WCP RESOURCES LIMITED|Materials
WEF,WEA FINANCE LLC AND WESTFIELD UK & EUROPE FINANCE PLC|Not Applic
WDE,WEALTH DEFENDER EQUITIES LIMITED|Not Applic
WEB,WEBJET LIMITED|Retailing
WBA,WEBSTER LIMITED|Food & Beverage & Tobacco
WBT,WEEBIT NANO LTD|Materials
WLD,WELLARD LIMITED|Food & Beverage & Tobacco
WLL,WELLCOM GROUP LIMITED|Commercial & Professional Services
WES,WESFARMERS LIMITED|Food & Staples Retailing
WAF,WEST AFRICAN RESOURCES LIMITED|Materials
WWI,WEST WITS MINING LIMITED|Materials
WSA,WESTERN AREAS LIMITED|Materials
WMN,WESTERN MINING NETWORK LIMITED|Materials
WFD,WESTFIELD CORPORATION|Real Estate
WGX,WESTGOLD RESOURCES LIMITED.|Materials
WIC,WESTOZ INVESTMENT COMPANY LIMITED|Not Applic
WBC,WESTPAC BANKING CORPORATION|Banks
WSI,WESTSTAR INDUSTRIAL LIMITED|Materials
WFB,WFD TRUST|Not Applic
WCN,WHITE CLIFF MINERALS LIMITED|Materials
WEC,WHITE ENERGY COMPANY LIMITED|Energy
WRM,WHITE ROCK MINERALS LIMITED|Materials
WHF,WHITEFIELD LIMITED|Diversified Financials
WHC,WHITEHAVEN COAL LIMITED|Energy
WEL,WINCHESTER ENERGY LTD|Energy
WNR,WINGARA AG LTD|Food & Beverage & Tobacco
WQW,WINHA COMMERCE AND TRADE INTL LIMITED|Food & Staples Retailing
WFE,WINMAR RESOURCES LIMITED|Materials
WTC,WISETECH GLOBAL LIMITED|Software & Services
WLF,WOLF MINERALS LIMITED|Materials
WOF,WOLF PETROLEUM LTD|Energy
WSG,WOLFSTRIKE RENTALS GROUP LIMITED|Diversified Financials
WLC,WOLLONGONG COAL LIMITED|Materials
WMC,WONHE MULTIMEDIA COMMERCE LTD|Technology Hardware & Equipment
WPL,WOODSIDE PETROLEUM LIMITED|Energy
WOW,WOOLWORTHS LIMITED|Food & Staples Retailing
WRR,WORLD REACH LIMITED|Technology Hardware & Equipment
WNS,WORLD.NET SERVICES LIMITED|Software & Services
WOR,WORLEYPARSONS LIMITED|Energy
WPG,WPG RESOURCES LTD|Materials
WPP,WPP AUNZ LTD|Media
XAM,XANADU MINES LTD|Materials
XIP,XENITH IP GROUP LIMITED|Commercial & Professional Services
XRO,XERO LIMITED|Software & Services
XPD,XPD SOCCER GEAR GROUP LIMITED|Consumer Durables & Apparel
XPE,XPED LIMITED|Software & Services
XF1,XREF LIMITED|Software & Services
XRF,XRF SCIENTIFIC LIMITED|Capital Goods
XST,XSTATE RESOURCES LIMITED|Energy
XTD,XTD LTD|Media
XTE,XTEK LIMITED.|Capital Goods
XTV,XTV NETWORKS LTD|Media
YAL,YANCOAL AUSTRALIA LIMITED|Energy
YCN,YANCOAL SCN LIMITED|Energy
YHL,YANGHAO INTERNATIONAL LIMITED|Consumer Durables & Apparel
YBR,YELLOW BRICK ROAD HOLDINGS LIMITED|Diversified Financials
YOJ,YOJEE LIMITED|Materials
YNB,YONDER AND BEYOND GROUP LIMITED|Diversified Financials
YOW,YOWIE GROUP LTD|Food & Beverage & Tobacco
YPB,YPB GROUP LTD|Commercial & Professional Services
ZEL,Z ENERGY LIMITED.|Energy
ZAM,ZAMANCO MINERALS LIMITED|Materials
ZGM,ZAMIA METALS LIMITED|Materials
ZLD,ZELDA THERAPEUTICS LIMITED|Pharmaceuticals & Biotechnology & Life Sciences
ZNT,ZENITAS HEALTHCARE LIMITED|Health Care Equipment & Services
ZEN,ZENITH ENERGY LIMITED|Class Pend
ZNC,ZENITH MINERALS LIMITED|Materials
ZTA,ZETA PETROLEUM PLC|Energy
ZER,ZETA RESOURCES LIMITED|Not Applic
ZEU,ZEUS RESOURCES LIMITED|Energy
ZGL,ZICOM GROUP LIMITED|Capital Goods
ZIM,ZIMPLATS HOLDINGS LIMITED|Materials
ZMI,ZINC OF IRELAND NL|Materials
ZML,ZIPMONEY LTD|Diversified Financials
ZIP,ZIPTEL LIMITED|Telecommunication Services
ZYB,ZYBER HOLDINGS LTD|Software & Services